image_path,label_numeric,data_split
photos\1.jpg,1,train
photos\2.jpg,1,test
photos\3.jpg,1,train
photos\4.jpg,1,val
photos\5.jpg,1,test
photos\6.jpg,1,val
photos\7.jpg,1,train
photos\8.jpg,1,train
photos\9.jpg,1,train
photos\10.jpg,1,val
photos\11.jpg,1,train
photos\12.jpg,1,val
photos\13.jpg,1,train
photos\14.jpg,1,train
photos\15.jpg,1,train
photos\16.jpg,1,train
photos\17.jpg,1,test
photos\18.jpg,1,train
photos\19.jpg,1,train
photos\20.jpg,1,test
photos\21.jpg,1,train
photos\22.jpg,1,test
photos\23.jpg,1,train
photos\24.jpg,1,train
photos\25.jpg,1,train
photos\26.jpg,1,train
photos\27.jpg,1,train
photos\28.jpg,1,val
photos\29.jpg,1,train
photos\30.jpg,1,train
photos\31.jpg,1,train
photos\32.jpg,1,train
photos\33.jpg,1,train
photos\34.jpg,1,train
photos\35.jpg,1,test
photos\36.jpg,1,test
photos\37.jpg,1,val
photos\38.jpg,1,train
photos\39.jpg,1,val
photos\40.jpg,1,train
photos\41.jpg,1,val
photos\42.jpg,1,train
photos\43.jpg,1,val
photos\44.jpg,1,train
photos\45.jpg,1,train
photos\46.jpg,1,train
photos\47.jpg,1,test
photos\48.jpg,1,val
photos\49.jpg,1,train
photos\50.jpg,1,train
photos\51.jpg,1,test
photos\52.jpg,1,train
photos\53.jpg,1,train
photos\54.jpg,1,train
photos\55.jpg,1,train
photos\56.jpg,1,val
photos\57.jpg,1,train
photos\58.jpg,1,train
photos\59.jpg,1,train
photos\60.jpg,1,train
photos\61.jpg,1,val
photos\62.jpg,1,train
photos\63.jpg,1,val
photos\64.jpg,1,train
photos\65.jpg,1,test
photos\66.jpg,1,train
photos\67.jpg,1,val
photos\68.jpg,1,train
photos\69.jpg,1,val
photos\70.jpg,1,train
photos\71.jpg,1,train
photos\72.jpg,1,train
photos\73.jpg,1,train
photos\74.jpg,1,train
photos\75.jpg,1,val
photos\76.jpg,1,val
photos\77.jpg,1,train
photos\78.jpg,1,val
photos\79.jpg,1,train
photos\80.jpg,1,val
photos\81.jpg,1,train
photos\82.jpg,1,train
photos\83.jpg,1,val
photos\84.jpg,1,train
photos\85.jpg,1,train
photos\86.jpg,1,train
photos\87.jpg,1,train
photos\88.jpg,1,train
photos\89.jpg,1,train
photos\90.jpg,1,val
photos\91.jpg,1,val
photos\92.jpg,1,train
photos\93.jpg,1,val
photos\94.jpg,1,train
photos\95.jpg,1,train
photos\96.jpg,1,test
photos\97.jpg,1,train
photos\98.jpg,1,train
photos\99.jpg,1,test
photos\100.jpg,1,train
photos\101.jpg,1,train
photos\102.jpg,1,train
photos\103.jpg,1,train
photos\104.jpg,1,test
photos\105.jpg,1,train
photos\106.jpg,1,train
photos\107.jpg,1,val
photos\108.jpg,1,train
photos\109.jpg,1,train
photos\110.jpg,1,train
photos\111.jpg,1,val
photos\112.jpg,1,train
photos\113.jpg,1,val
photos\114.jpg,1,train
photos\115.jpg,1,val
photos\116.jpg,1,train
photos\117.jpg,1,test
photos\118.jpg,1,val
photos\119.jpg,1,train
photos\120.jpg,1,test
photos\121.jpg,1,train
photos\122.jpg,1,train
photos\123.jpg,1,test
photos\124.jpg,1,train
photos\125.jpg,1,train
photos\126.jpg,1,val
photos\127.jpg,1,train
photos\128.jpg,1,test
photos\129.jpg,1,train
photos\130.jpg,1,train
photos\131.jpg,1,test
photos\132.jpg,1,val
photos\133.jpg,1,train
photos\134.jpg,1,val
photos\135.jpg,1,train
photos\136.jpg,1,train
photos\137.jpg,1,train
photos\138.jpg,1,val
photos\139.jpg,1,val
photos\140.jpg,1,train
photos\141.jpg,1,train
photos\142.jpg,1,train
photos\143.jpg,1,train
photos\144.jpg,1,val
photos\145.jpg,1,train
photos\146.jpg,1,train
photos\147.jpg,1,test
photos\148.jpg,1,train
photos\149.jpg,1,train
photos\150.jpg,1,train
photos\151.jpg,1,train
photos\152.jpg,1,train
photos\153.jpg,1,train
photos\154.jpg,1,test
photos\155.jpg,1,test
photos\156.jpg,1,train
photos\157.jpg,1,train
photos\158.jpg,1,train
photos\159.jpg,1,train
photos\160.jpg,1,train
photos\161.jpg,1,test
photos\162.jpg,1,test
photos\163.jpg,1,train
photos\164.jpg,1,train
photos\165.jpg,1,train
photos\166.jpg,1,val
photos\167.jpg,1,train
photos\168.jpg,1,train
photos\169.jpg,1,train
photos\170.jpg,1,train
photos\171.jpg,1,train
photos\172.jpg,1,train
photos\173.jpg,1,val
photos\174.jpg,1,train
photos\175.jpg,1,train
photos\176.jpg,1,train
photos\177.jpg,1,train
photos\178.jpg,1,train
photos\179.jpg,1,train
photos\180.jpg,1,train
photos\181.jpg,1,test
photos\182.jpg,1,train
photos\183.jpg,1,train
photos\184.jpg,1,train
photos\185.jpg,1,train
photos\186.jpg,1,train
photos\187.jpg,1,test
photos\188.jpg,1,train
photos\189.jpg,1,train
photos\190.jpg,1,test
photos\191.jpg,1,test
photos\192.jpg,1,train
photos\193.jpg,1,train
photos\194.jpg,1,val
photos\195.jpg,1,train
photos\196.jpg,1,train
photos\197.jpg,1,train
photos\198.jpg,1,test
photos\199.jpg,1,train
photos\200.jpg,1,train
photos\201.jpg,1,test
photos\202.jpg,1,test
photos\203.jpg,1,test
photos\204.jpg,1,train
photos\205.jpg,1,val
photos\206.jpg,1,train
photos\207.jpg,1,test
photos\208.jpg,1,train
photos\209.jpg,1,train
photos\210.jpg,1,train
photos\211.jpg,1,train
photos\212.jpg,1,train
photos\213.jpg,1,train
photos\214.jpg,1,train
photos\215.jpg,1,train
photos\216.jpg,1,train
photos\217.jpg,1,val
photos\218.jpg,1,train
photos\219.jpg,1,train
photos\220.jpg,1,train
photos\221.jpg,1,train
photos\222.jpg,1,train
photos\223.jpg,1,train
photos\224.jpg,1,val
photos\225.jpg,1,val
photos\226.jpg,1,test
photos\227.jpg,1,train
photos\228.jpg,1,train
photos\229.jpg,1,val
photos\230.jpg,1,train
photos\231.jpg,1,train
photos\232.jpg,1,train
photos\233.jpg,1,val
photos\234.jpg,1,train
photos\235.jpg,1,val
photos\236.jpg,1,val
photos\237.jpg,1,train
photos\238.jpg,1,train
photos\239.jpg,1,train
photos\240.jpg,1,train
photos\241.jpg,1,train
photos\242.jpg,1,test
photos\243.jpg,1,val
photos\244.jpg,1,train
photos\245.jpg,1,train
photos\246.jpg,1,test
photos\247.jpg,1,train
photos\248.jpg,1,train
photos\249.jpg,1,val
photos\250.jpg,1,val
photos\251.jpg,1,train
photos\252.jpg,1,train
photos\253.jpg,1,train
photos\254.jpg,1,test
photos\255.jpg,1,train
photos\256.jpg,1,val
photos\257.jpg,1,train
photos\258.jpg,1,train
photos\259.jpg,1,train
photos\260.jpg,1,train
photos\261.jpg,1,val
photos\262.jpg,1,train
photos\263.jpg,1,test
photos\264.jpg,1,train
photos\265.jpg,1,val
photos\266.jpg,1,train
photos\267.jpg,1,train
photos\268.jpg,1,val
photos\269.jpg,1,test
photos\270.jpg,1,train
photos\271.jpg,1,train
photos\272.jpg,1,train
photos\273.jpg,1,train
photos\274.jpg,1,train
photos\275.jpg,1,train
photos\276.jpg,1,train
photos\277.jpg,1,train
photos\278.jpg,1,train
photos\279.jpg,1,train
photos\280.jpg,1,train
photos\281.jpg,1,val
photos\282.jpg,1,train
photos\283.jpg,1,train
photos\284.jpg,1,train
photos\285.jpg,1,val
photos\286.jpg,1,train
photos\287.jpg,1,train
photos\288.jpg,1,train
photos\289.jpg,1,train
photos\290.jpg,1,train
photos\291.jpg,1,train
photos\292.jpg,1,train
photos\293.jpg,1,train
photos\294.jpg,1,test
photos\295.jpg,1,train
photos\296.jpg,1,train
photos\297.jpg,1,train
photos\298.jpg,1,train
photos\299.jpg,1,train
photos\300.jpg,1,train
photos\301.jpg,1,train
photos\302.jpg,1,test
photos\303.jpg,1,val
photos\304.jpg,1,train
photos\305.jpg,1,train
photos\306.jpg,1,train
photos\307.jpg,1,train
photos\308.jpg,1,train
photos\309.jpg,1,train
photos\310.jpg,1,train
photos\311.jpg,1,train
photos\312.jpg,1,train
photos\313.jpg,1,train
photos\314.jpg,1,train
photos\315.jpg,1,train
photos\316.jpg,1,train
photos\317.jpg,1,train
photos\318.jpg,1,test
photos\319.jpg,1,train
photos\320.jpg,1,val
photos\321.jpg,1,val
photos\322.jpg,1,train
photos\323.jpg,1,train
photos\324.jpg,1,train
photos\325.jpg,1,train
photos\326.jpg,1,train
photos\327.jpg,1,train
photos\328.jpg,1,train
photos\329.jpg,1,train
photos\330.jpg,1,train
photos\331.jpg,1,test
photos\332.jpg,1,train
photos\333.jpg,1,train
photos\334.jpg,1,val
photos\335.jpg,1,train
photos\336.jpg,1,val
photos\337.jpg,1,val
photos\338.jpg,1,test
photos\339.jpg,1,train
photos\340.jpg,1,train
photos\341.jpg,1,train
photos\342.jpg,1,train
photos\343.jpg,1,train
photos\344.jpg,1,train
photos\345.jpg,1,train
photos\346.jpg,1,train
photos\347.jpg,1,train
photos\348.jpg,1,train
photos\349.jpg,1,train
photos\350.jpg,1,train
photos\351.jpg,1,train
photos\352.jpg,1,train
photos\353.jpg,1,train
photos\354.jpg,1,train
photos\355.jpg,1,train
photos\356.jpg,1,train
photos\357.jpg,1,val
photos\358.jpg,1,val
photos\359.jpg,1,train
photos\360.jpg,1,val
photos\361.jpg,1,train
photos\362.jpg,1,train
photos\363.jpg,1,train
photos\364.jpg,1,train
photos\365.jpg,1,val
photos\366.jpg,1,train
photos\367.jpg,1,train
photos\368.jpg,1,train
photos\369.jpg,1,train
photos\370.jpg,1,test
photos\371.jpg,1,train
photos\372.jpg,1,train
photos\373.jpg,1,val
photos\374.jpg,1,val
photos\375.jpg,1,train
photos\376.jpg,1,val
photos\377.jpg,1,train
photos\378.jpg,1,train
photos\379.jpg,1,test
photos\380.jpg,1,test
photos\381.jpg,1,train
photos\382.jpg,1,train
photos\383.jpg,1,train
photos\384.jpg,1,train
photos\385.jpg,1,val
photos\386.jpg,1,train
photos\387.jpg,1,train
photos\388.jpg,1,train
photos\389.jpg,1,val
photos\390.jpg,1,val
photos\391.jpg,1,train
photos\392.jpg,1,test
photos\393.jpg,1,test
photos\394.jpg,1,train
photos\395.jpg,1,train
photos\396.jpg,1,val
photos\397.jpg,1,val
photos\398.jpg,1,test
photos\399.jpg,1,train
photos\400.jpg,1,test
photos\401.jpg,1,test
photos\402.jpg,1,train
photos\403.jpg,1,train
photos\404.jpg,1,test
photos\405.jpg,1,val
photos\406.jpg,1,train
photos\407.jpg,1,train
photos\408.jpg,1,train
photos\409.jpg,1,train
photos\410.jpg,1,train
photos\411.jpg,1,train
photos\412.jpg,1,train
photos\413.jpg,1,val
photos\414.jpg,1,train
photos\415.jpg,1,train
photos\416.jpg,1,train
photos\417.jpg,1,train
photos\418.jpg,1,val
photos\419.jpg,1,test
photos\420.jpg,1,train
photos\421.jpg,1,train
photos\422.jpg,1,train
photos\423.jpg,1,train
photos\424.jpg,1,train
photos\425.jpg,1,train
photos\426.jpg,1,train
photos\427.jpg,1,train
photos\428.jpg,1,train
photos\429.jpg,1,train
photos\430.jpg,1,train
photos\431.jpg,1,train
photos\432.jpg,1,train
photos\433.jpg,1,train
photos\434.jpg,1,train
photos\435.jpg,1,val
photos\436.jpg,1,train
photos\437.jpg,1,train
photos\438.jpg,1,val
photos\439.jpg,1,train
photos\440.jpg,1,train
photos\441.jpg,1,train
photos\442.jpg,1,train
photos\443.jpg,1,train
photos\444.jpg,1,train
photos\445.jpg,1,train
photos\446.jpg,1,train
photos\447.jpg,1,val
photos\448.jpg,1,train
photos\449.jpg,1,val
photos\450.jpg,1,train
photos\451.jpg,1,train
photos\452.jpg,1,train
photos\453.jpg,1,test
photos\454.jpg,1,train
photos\455.jpg,1,train
photos\456.jpg,1,test
photos\457.jpg,1,train
photos\458.jpg,1,train
photos\459.jpg,1,train
photos\460.jpg,1,test
photos\461.jpg,1,train
photos\462.jpg,1,train
photos\463.jpg,1,train
photos\464.jpg,1,train
photos\465.jpg,1,train
photos\466.jpg,1,train
photos\467.jpg,1,test
photos\468.jpg,1,val
photos\469.jpg,1,train
photos\470.jpg,1,test
photos\471.jpg,1,val
photos\472.jpg,1,train
photos\473.jpg,1,train
photos\474.jpg,1,val
photos\475.jpg,1,test
photos\476.jpg,1,val
photos\477.jpg,1,train
photos\478.jpg,1,train
photos\479.jpg,1,train
photos\480.jpg,1,train
photos\481.jpg,1,train
photos\482.jpg,1,train
photos\483.jpg,1,train
photos\484.jpg,1,train
photos\485.jpg,1,val
photos\486.jpg,1,train
photos\487.jpg,1,train
photos\488.jpg,1,test
photos\489.jpg,1,test
photos\490.jpg,1,train
photos\491.jpg,1,train
photos\492.jpg,1,train
photos\493.jpg,1,test
photos\494.jpg,1,train
photos\495.jpg,1,train
photos\496.jpg,1,train
photos\497.jpg,1,val
photos\498.jpg,1,train
photos\499.jpg,1,train
photos\500.jpg,1,val
photos\501.jpg,1,train
photos\502.jpg,1,train
photos\503.jpg,1,test
photos\504.jpg,1,train
photos\505.jpg,1,val
photos\506.jpg,1,train
photos\507.jpg,1,train
photos\508.jpg,1,train
photos\509.jpg,1,train
photos\510.jpg,1,train
photos\511.jpg,1,val
photos\512.jpg,1,train
photos\513.jpg,1,test
photos\514.jpg,1,train
photos\515.jpg,1,train
photos\516.jpg,1,val
photos\517.jpg,1,train
photos\518.jpg,1,val
photos\519.jpg,1,train
photos\520.jpg,1,train
photos\521.jpg,1,train
photos\522.jpg,1,train
photos\523.jpg,1,train
photos\524.jpg,1,val
photos\525.jpg,1,test
photos\526.jpg,1,val
photos\527.jpg,1,train
photos\528.jpg,1,train
photos\529.jpg,1,train
photos\530.jpg,1,train
photos\531.jpg,1,train
photos\532.jpg,1,val
photos\533.jpg,1,train
photos\534.jpg,1,train
photos\535.jpg,1,train
photos\536.jpg,1,train
photos\537.jpg,1,val
photos\538.jpg,1,test
photos\539.jpg,1,train
photos\540.jpg,1,val
photos\541.jpg,1,test
photos\542.jpg,1,val
photos\543.jpg,1,train
photos\544.jpg,1,train
photos\545.jpg,1,train
photos\546.jpg,1,train
photos\547.jpg,1,test
photos\548.jpg,1,train
photos\549.jpg,1,train
photos\550.jpg,1,train
photos\551.jpg,1,test
photos\552.jpg,1,train
photos\553.jpg,1,train
photos\554.jpg,1,train
photos\555.jpg,1,train
photos\556.jpg,1,train
photos\557.jpg,1,train
photos\558.jpg,1,train
photos\559.jpg,1,val
photos\560.jpg,1,test
photos\561.jpg,1,train
photos\562.jpg,1,train
photos\563.jpg,1,test
photos\564.jpg,1,test
photos\565.jpg,1,train
photos\566.jpg,1,train
photos\567.jpg,1,train
photos\568.jpg,1,train
photos\569.jpg,1,train
photos\570.jpg,1,test
photos\571.jpg,1,train
photos\572.jpg,1,train
photos\573.jpg,1,train
photos\574.jpg,1,train
photos\575.jpg,1,test
photos\576.jpg,1,train
photos\577.jpg,1,train
photos\578.jpg,1,val
photos\579.jpg,1,train
photos\580.jpg,1,train
photos\581.jpg,1,test
photos\582.jpg,1,train
photos\583.jpg,1,train
photos\584.jpg,1,train
photos\585.jpg,1,train
photos\586.jpg,1,train
photos\587.jpg,1,test
photos\588.jpg,1,train
photos\589.jpg,1,train
photos\590.jpg,1,train
photos\591.jpg,1,train
photos\592.jpg,1,train
photos\593.jpg,1,train
photos\594.jpg,1,train
photos\595.jpg,1,train
photos\596.jpg,1,val
photos\597.jpg,1,train
photos\598.jpg,1,train
photos\599.jpg,1,train
photos\600.jpg,1,train
photos\601.jpg,1,test
photos\602.jpg,1,train
photos\603.jpg,1,train
photos\604.jpg,1,val
photos\605.jpg,1,train
photos\606.jpg,1,train
photos\607.jpg,1,test
photos\608.jpg,1,train
photos\609.jpg,1,test
photos\610.jpg,1,train
photos\611.jpg,1,train
photos\612.jpg,1,train
photos\613.jpg,1,train
photos\614.jpg,1,train
photos\615.jpg,1,train
photos\616.jpg,1,train
photos\617.jpg,1,val
photos\618.jpg,1,train
photos\619.jpg,1,train
photos\620.jpg,1,train
photos\621.jpg,1,train
photos\622.jpg,1,train
photos\623.jpg,1,val
photos\624.jpg,1,test
photos\625.jpg,1,val
photos\626.jpg,1,test
photos\627.jpg,1,train
photos\628.jpg,1,test
photos\629.jpg,1,train
photos\630.jpg,1,train
photos\631.jpg,1,train
photos\632.jpg,1,train
photos\633.jpg,1,train
photos\634.jpg,1,test
photos\635.jpg,1,train
photos\636.jpg,1,test
photos\637.jpg,1,train
photos\638.jpg,1,train
photos\639.jpg,1,val
photos\640.jpg,1,test
photos\641.jpg,1,test
photos\642.jpg,1,test
photos\643.jpg,1,train
photos\644.jpg,1,train
photos\645.jpg,1,train
photos\646.jpg,1,val
photos\647.jpg,1,test
photos\648.jpg,1,train
photos\649.jpg,1,test
photos\650.jpg,1,train
photos\651.jpg,1,train
photos\652.jpg,1,train
photos\653.jpg,1,val
photos\654.jpg,1,val
photos\655.jpg,1,train
photos\656.jpg,1,train
photos\657.jpg,1,test
photos\658.jpg,1,train
photos\659.jpg,1,test
photos\660.jpg,1,test
photos\661.jpg,1,train
photos\662.jpg,1,train
photos\663.jpg,1,train
photos\664.jpg,1,test
photos\665.jpg,1,train
photos\666.jpg,1,train
photos\667.jpg,1,val
photos\668.jpg,1,val
photos\669.jpg,1,train
photos\670.jpg,1,train
photos\671.jpg,1,train
photos\672.jpg,1,val
photos\673.jpg,1,train
photos\674.jpg,1,val
photos\675.jpg,1,train
photos\676.jpg,1,val
photos\677.jpg,1,train
photos\678.jpg,1,train
photos\679.jpg,1,train
photos\680.jpg,1,train
photos\681.jpg,1,train
photos\682.jpg,1,test
photos\683.jpg,1,train
photos\684.jpg,1,test
photos\685.jpg,1,test
photos\686.jpg,1,train
photos\687.jpg,1,train
photos\688.jpg,1,train
photos\689.jpg,1,val
photos\690.jpg,1,val
photos\691.jpg,1,train
photos\692.jpg,1,train
photos\693.jpg,1,train
photos\694.jpg,1,train
photos\695.jpg,1,train
photos\696.jpg,1,train
photos\697.jpg,1,train
photos\698.jpg,1,train
photos\699.jpg,1,test
photos\700.jpg,1,test
photos\701.jpg,1,train
photos\702.jpg,1,train
photos\703.jpg,1,test
photos\704.jpg,1,test
photos\705.jpg,1,train
photos\706.jpg,1,train
photos\707.jpg,1,train
photos\708.jpg,1,train
photos\709.jpg,1,val
photos\710.jpg,1,test
photos\711.jpg,1,train
photos\712.jpg,1,train
photos\713.jpg,1,train
photos\714.jpg,1,val
photos\715.jpg,1,train
photos\716.jpg,1,train
photos\717.jpg,1,val
photos\718.jpg,1,val
photos\719.jpg,1,train
photos\720.jpg,1,train
photos\721.jpg,1,train
photos\722.jpg,1,train
photos\723.jpg,1,train
photos\724.jpg,1,val
photos\725.jpg,1,val
photos\726.jpg,1,val
photos\727.jpg,1,train
photos\728.jpg,1,train
photos\729.jpg,1,val
photos\730.jpg,1,train
photos\731.jpg,1,train
photos\732.jpg,1,train
photos\733.jpg,1,val
photos\734.jpg,1,train
photos\735.jpg,1,train
photos\736.jpg,1,train
photos\737.jpg,1,train
photos\738.jpg,1,train
photos\739.jpg,1,train
photos\740.jpg,1,val
photos\741.jpg,1,test
photos\742.jpg,1,train
photos\743.jpg,1,train
photos\744.jpg,1,train
photos\745.jpg,1,train
photos\746.jpg,1,train
photos\747.jpg,1,train
photos\748.jpg,1,test
photos\749.jpg,1,train
photos\750.jpg,1,train
photos\751.jpg,1,val
photos\752.jpg,1,train
photos\753.jpg,1,train
photos\754.jpg,1,val
photos\755.jpg,1,train
photos\756.jpg,1,train
photos\757.jpg,1,train
photos\758.jpg,1,train
photos\759.jpg,1,val
photos\760.jpg,1,train
photos\761.jpg,1,val
photos\762.jpg,1,train
photos\763.jpg,1,val
photos\764.jpg,1,test
photos\765.jpg,1,train
photos\766.jpg,1,train
photos\767.jpg,1,test
photos\768.jpg,1,train
photos\769.jpg,1,train
photos\770.jpg,1,test
photos\771.jpg,1,val
photos\772.jpg,1,train
photos\773.jpg,1,train
photos\774.jpg,1,test
photos\775.jpg,1,train
photos\776.jpg,1,test
photos\777.jpg,1,train
photos\778.jpg,1,train
photos\779.jpg,1,train
photos\780.jpg,1,test
photos\781.jpg,1,train
photos\782.jpg,1,train
photos\783.jpg,1,train
photos\784.jpg,1,train
photos\785.jpg,1,test
photos\786.jpg,1,train
photos\787.jpg,1,train
photos\788.jpg,1,train
photos\789.jpg,1,train
photos\790.jpg,1,train
photos\791.jpg,1,train
photos\792.jpg,1,test
photos\793.jpg,1,train
photos\794.jpg,1,train
photos\795.jpg,1,train
photos\796.jpg,1,test
photos\797.jpg,1,val
photos\798.jpg,1,test
photos\799.jpg,1,train
photos\800.jpg,1,train
photos\801.jpg,1,train
photos\802.jpg,1,train
photos\803.jpg,1,train
photos\804.jpg,1,train
photos\805.jpg,1,test
photos\806.jpg,1,train
photos\807.jpg,1,train
photos\808.jpg,1,train
photos\809.jpg,1,train
photos\810.jpg,1,train
photos\811.jpg,1,train
photos\812.jpg,1,train
photos\813.jpg,1,train
photos\814.jpg,1,train
photos\815.jpg,1,val
photos\816.jpg,1,test
photos\817.jpg,1,train
photos\818.jpg,1,train
photos\819.jpg,1,train
photos\820.jpg,1,train
photos\821.jpg,1,train
photos\822.jpg,1,train
photos\823.jpg,1,train
photos\824.jpg,1,val
photos\825.jpg,1,train
photos\826.jpg,1,val
photos\827.jpg,1,train
photos\828.jpg,1,train
photos\829.jpg,1,val
photos\830.jpg,1,train
photos\831.jpg,1,test
photos\832.jpg,1,train
photos\833.jpg,1,train
photos\834.jpg,1,test
photos\835.jpg,1,train
photos\836.jpg,1,test
photos\837.jpg,1,train
photos\838.jpg,1,test
photos\839.jpg,1,train
photos\840.jpg,1,train
photos\841.jpg,1,train
photos\842.jpg,1,train
photos\843.jpg,1,train
photos\844.jpg,1,train
photos\845.jpg,1,train
photos\846.jpg,1,train
photos\847.jpg,1,val
photos\848.jpg,1,train
photos\849.jpg,1,train
photos\850.jpg,1,train
photos\851.jpg,1,val
photos\852.jpg,1,val
photos\853.jpg,1,val
photos\854.jpg,1,test
photos\855.jpg,1,test
photos\856.jpg,1,train
photos\857.jpg,1,train
photos\858.jpg,1,train
photos\859.jpg,1,train
photos\860.jpg,1,train
photos\861.jpg,1,test
photos\862.jpg,1,train
photos\863.jpg,1,train
photos\864.jpg,1,test
photos\865.jpg,1,train
photos\866.jpg,1,train
photos\867.jpg,1,train
photos\868.jpg,1,train
photos\869.jpg,1,val
photos\870.jpg,1,train
photos\871.jpg,1,test
photos\872.jpg,1,train
photos\873.jpg,1,val
photos\874.jpg,1,train
photos\875.jpg,1,train
photos\876.jpg,1,train
photos\877.jpg,1,test
photos\878.jpg,1,test
photos\879.jpg,1,test
photos\880.jpg,1,train
photos\881.jpg,1,test
photos\882.jpg,1,train
photos\883.jpg,1,val
photos\884.jpg,1,train
photos\885.jpg,1,val
photos\886.jpg,1,train
photos\887.jpg,1,train
photos\888.jpg,1,train
photos\889.jpg,1,train
photos\890.jpg,1,train
photos\891.jpg,1,train
photos\892.jpg,1,train
photos\893.jpg,1,train
photos\894.jpg,1,train
photos\895.jpg,1,val
photos\896.jpg,1,val
photos\897.jpg,1,test
photos\898.jpg,1,train
photos\899.jpg,1,train
photos\900.jpg,1,val
photos\901.jpg,1,train
photos\902.jpg,1,val
photos\903.jpg,1,train
photos\904.jpg,1,train
photos\905.jpg,1,train
photos\906.jpg,1,train
photos\907.jpg,1,train
photos\908.jpg,1,train
photos\909.jpg,1,train
photos\910.jpg,1,train
photos\911.jpg,1,train
photos\912.jpg,1,train
photos\913.jpg,1,train
photos\914.jpg,1,train
photos\915.jpg,1,train
photos\916.jpg,1,train
photos\917.jpg,1,train
photos\918.jpg,1,train
photos\919.jpg,1,val
photos\920.jpg,1,val
photos\921.jpg,1,test
photos\922.jpg,1,train
photos\923.jpg,1,train
photos\924.jpg,1,train
photos\925.jpg,1,val
photos\926.jpg,1,train
photos\927.jpg,1,train
photos\928.jpg,1,train
photos\929.jpg,1,val
photos\930.jpg,1,train
photos\931.jpg,1,train
photos\932.jpg,1,train
photos\933.jpg,1,train
photos\934.jpg,1,val
photos\935.jpg,1,train
photos\936.jpg,1,train
photos\937.jpg,1,train
photos\938.jpg,1,train
photos\939.jpg,1,train
photos\940.jpg,1,train
photos\941.jpg,1,train
photos\942.jpg,1,train
photos\943.jpg,1,train
photos\944.jpg,1,train
photos\945.jpg,1,train
photos\946.jpg,1,train
photos\947.jpg,1,val
photos\948.jpg,1,train
photos\949.jpg,1,train
photos\950.jpg,1,train
photos\951.jpg,1,train
photos\952.jpg,1,train
photos\953.jpg,1,train
photos\954.jpg,1,val
photos\955.jpg,1,test
photos\956.jpg,1,test
photos\957.jpg,1,test
photos\958.jpg,1,test
photos\959.jpg,1,train
photos\960.jpg,1,test
photos\961.jpg,1,test
photos\962.jpg,1,train
photos\963.jpg,1,train
photos\964.jpg,1,train
photos\965.jpg,1,train
photos\966.jpg,1,train
photos\967.jpg,1,train
photos\968.jpg,1,val
photos\969.jpg,1,train
photos\970.jpg,1,train
photos\971.jpg,1,train
photos\972.jpg,1,test
photos\973.jpg,1,test
photos\974.jpg,1,train
photos\975.jpg,1,train
photos\976.jpg,1,test
photos\977.jpg,1,train
photos\978.jpg,1,val
photos\979.jpg,1,train
photos\980.jpg,1,train
photos\981.jpg,1,test
photos\982.jpg,1,train
photos\983.jpg,1,train
photos\984.jpg,1,train
photos\985.jpg,1,train
photos\986.jpg,1,train
photos\987.jpg,1,train
photos\988.jpg,1,train
photos\989.jpg,1,train
photos\990.jpg,1,train
photos\991.jpg,1,train
photos\992.jpg,1,test
photos\993.jpg,1,test
photos\994.jpg,1,train
photos\995.jpg,1,train
photos\996.jpg,1,test
photos\997.jpg,1,test
photos\998.jpg,1,train
photos\999.jpg,1,train
photos\1000.jpg,1,train
photos\1001.jpg,1,train
photos\1002.jpg,1,train
photos\1003.jpg,1,train
photos\1004.jpg,1,train
photos\1005.jpg,1,train
photos\1006.jpg,1,train
photos\1007.jpg,1,train
photos\1008.jpg,1,train
photos\1009.jpg,1,test
photos\1010.jpg,1,train
photos\1011.jpg,1,train
photos\1012.jpg,1,train
photos\1013.jpg,1,test
photos\1014.jpg,1,train
photos\1015.jpg,1,train
photos\1016.jpg,1,val
photos\1017.jpg,1,test
photos\1018.jpg,1,train
photos\1019.jpg,1,train
photos\1020.jpg,1,val
photos\1021.jpg,1,test
photos\1022.jpg,1,test
photos\1023.jpg,1,train
photos\1024.jpg,1,train
photos\1025.jpg,1,train
photos\1026.jpg,1,train
photos\1027.jpg,1,val
photos\1028.jpg,1,train
photos\1029.jpg,1,test
photos\1030.jpg,1,train
photos\1031.jpg,1,val
photos\1032.jpg,1,val
photos\1033.jpg,1,train
photos\1034.jpg,1,train
photos\1035.jpg,1,train
photos\1036.jpg,1,val
photos\1037.jpg,1,train
photos\1038.jpg,1,train
photos\1039.jpg,1,test
photos\1040.jpg,1,train
photos\1041.jpg,1,train
photos\1042.jpg,1,train
photos\1043.jpg,1,train
photos\1044.jpg,1,train
photos\1045.jpg,1,train
photos\1046.jpg,1,test
photos\1047.jpg,1,train
photos\1048.jpg,1,train
photos\1049.jpg,1,train
photos\1050.jpg,1,val
photos\1051.jpg,1,train
photos\1052.jpg,1,test
photos\1053.jpg,1,train
photos\1054.jpg,1,train
photos\1055.jpg,1,train
photos\1056.jpg,1,train
photos\1057.jpg,1,train
photos\1058.jpg,1,train
photos\1059.jpg,1,train
photos\1060.jpg,1,test
photos\1061.jpg,1,test
photos\1062.jpg,1,train
photos\1063.jpg,1,val
photos\1064.jpg,1,val
photos\1065.jpg,1,train
photos\1066.jpg,1,val
photos\1067.jpg,1,val
photos\1068.jpg,1,train
photos\1069.jpg,1,train
photos\1070.jpg,1,test
photos\1071.jpg,1,train
photos\1072.jpg,1,train
photos\1073.jpg,1,train
photos\1074.jpg,1,train
photos\1075.jpg,1,train
photos\1076.jpg,1,train
photos\1077.jpg,1,test
photos\1078.jpg,1,test
photos\1079.jpg,1,train
photos\1080.jpg,1,val
photos\1081.jpg,1,train
photos\1082.jpg,1,test
photos\1083.jpg,1,test
photos\1084.jpg,1,train
photos\1085.jpg,1,train
photos\1086.jpg,1,train
photos\1087.jpg,1,train
photos\1088.jpg,1,train
photos\1089.jpg,1,train
photos\1090.jpg,1,train
photos\1091.jpg,1,train
photos\1092.jpg,1,train
photos\1093.jpg,1,test
photos\1094.jpg,1,train
photos\1095.jpg,1,train
photos\1096.jpg,1,test
photos\1097.jpg,1,train
photos\1098.jpg,1,train
photos\1099.jpg,1,train
photos\1100.jpg,1,train
photos\1101.jpg,1,train
photos\1102.jpg,1,val
photos\1103.jpg,1,train
photos\1104.jpg,1,train
photos\1105.jpg,1,train
photos\1106.jpg,1,train
photos\1107.jpg,1,train
photos\1108.jpg,1,train
photos\1109.jpg,1,train
photos\1110.jpg,1,train
photos\1111.jpg,1,train
photos\1112.jpg,1,train
photos\1113.jpg,1,train
photos\1114.jpg,1,train
photos\1115.jpg,1,train
photos\1116.jpg,1,test
photos\1117.jpg,1,train
photos\1118.jpg,1,train
photos\1119.jpg,1,val
photos\1120.jpg,1,test
photos\1121.jpg,1,train
photos\1122.jpg,1,train
photos\1123.jpg,1,val
photos\1124.jpg,1,train
photos\1125.jpg,1,train
photos\1126.jpg,1,train
photos\1127.jpg,1,test
photos\1128.jpg,1,train
photos\1129.jpg,1,train
photos\1130.jpg,1,test
photos\1131.jpg,1,test
photos\1132.jpg,1,train
photos\1133.jpg,1,train
photos\1134.jpg,1,train
photos\1135.jpg,1,train
photos\1136.jpg,1,train
photos\1137.jpg,1,test
photos\1138.jpg,1,train
photos\1139.jpg,1,train
photos\1140.jpg,1,test
photos\1141.jpg,1,val
photos\1142.jpg,1,test
photos\1143.jpg,1,train
photos\1144.jpg,1,train
photos\1145.jpg,1,val
photos\1146.jpg,1,val
photos\1147.jpg,1,train
photos\1148.jpg,1,test
photos\1149.jpg,1,test
photos\1150.jpg,1,train
photos\1151.jpg,1,test
photos\1152.jpg,1,train
photos\1153.jpg,1,test
photos\1154.jpg,1,test
photos\1155.jpg,1,test
photos\1156.jpg,1,val
photos\1157.jpg,1,val
photos\1158.jpg,1,train
photos\1159.jpg,1,test
photos\1160.jpg,1,train
photos\1161.jpg,1,val
photos\1162.jpg,1,train
photos\1163.jpg,1,test
photos\1164.jpg,1,train
photos\1165.jpg,1,train
photos\1166.jpg,1,train
photos\1167.jpg,1,test
photos\1168.jpg,1,val
photos\1169.jpg,1,val
photos\1170.jpg,1,val
photos\1171.jpg,1,train
photos\1172.jpg,1,train
photos\1173.jpg,1,val
photos\1174.jpg,1,train
photos\1175.jpg,1,train
photos\1176.jpg,1,train
photos\1177.jpg,1,train
photos\1178.jpg,1,train
photos\1179.jpg,1,train
photos\1180.jpg,1,train
photos\1181.jpg,1,test
photos\1182.jpg,1,train
photos\1183.jpg,1,train
photos\1184.jpg,1,test
photos\1185.jpg,1,test
photos\1186.jpg,1,train
photos\1187.jpg,1,train
photos\1188.jpg,1,train
photos\1189.jpg,1,train
photos\1190.jpg,1,train
photos\1191.jpg,1,train
photos\1192.jpg,1,val
photos\1193.jpg,1,train
photos\1194.jpg,1,train
photos\1195.jpg,1,train
photos\1196.jpg,1,train
photos\1197.jpg,1,train
photos\1198.jpg,1,val
photos\1199.jpg,1,train
photos\1200.jpg,1,train
photos\1201.jpg,1,train
photos\1202.jpg,1,train
photos\1203.jpg,1,train
photos\1204.jpg,1,train
photos\1205.jpg,1,train
photos\1206.jpg,1,val
photos\1207.jpg,1,train
photos\1208.jpg,1,train
photos\1209.jpg,1,train
photos\1210.jpg,1,val
photos\1211.jpg,1,train
photos\1212.jpg,1,train
photos\1213.jpg,1,test
photos\1214.jpg,1,train
photos\1215.jpg,1,val
photos\1216.jpg,1,test
photos\1217.jpg,1,train
photos\1218.jpg,1,val
photos\1219.jpg,1,test
photos\1220.jpg,1,test
photos\1221.jpg,1,train
photos\1222.jpg,1,train
photos\1223.jpg,1,train
photos\1224.jpg,1,train
photos\1225.jpg,1,val
photos\1226.jpg,1,train
photos\1227.jpg,1,train
photos\1228.jpg,1,test
photos\1229.jpg,1,train
photos\1230.jpg,1,train
photos\1231.jpg,1,train
photos\1232.jpg,1,train
photos\1233.jpg,1,train
photos\1234.jpg,1,train
photos\1235.jpg,1,train
photos\1236.jpg,1,train
photos\1237.jpg,1,train
photos\1238.jpg,1,train
photos\1239.jpg,1,test
photos\1240.jpg,1,train
photos\1241.jpg,1,val
photos\1242.jpg,1,train
photos\1243.jpg,1,train
photos\1244.jpg,1,test
photos\1245.jpg,1,train
photos\1246.jpg,1,train
photos\1247.jpg,1,val
photos\1248.jpg,1,train
photos\1249.jpg,1,train
photos\1250.jpg,1,train
photos\1251.jpg,1,val
photos\1252.jpg,1,train
photos\1253.jpg,1,val
photos\1254.jpg,1,train
photos\1255.jpg,1,val
photos\1256.jpg,1,train
photos\1257.jpg,1,val
photos\1258.jpg,1,test
photos\1259.jpg,1,train
photos\1260.jpg,1,train
photos\1261.jpg,1,train
photos\1262.jpg,1,train
photos\1263.jpg,1,val
photos\1264.jpg,1,train
photos\1265.jpg,1,train
photos\1266.jpg,1,train
photos\1267.jpg,1,train
photos\1268.jpg,1,test
photos\1269.jpg,1,train
photos\1270.jpg,1,train
photos\1271.jpg,1,train
photos\1272.jpg,1,train
photos\1273.jpg,1,train
photos\1274.jpg,1,train
photos\1275.jpg,1,train
photos\1276.jpg,1,test
photos\1277.jpg,1,val
photos\1278.jpg,1,train
photos\1279.jpg,1,train
photos\1280.jpg,1,train
photos\1281.jpg,1,val
photos\1282.jpg,1,train
photos\1283.jpg,1,test
photos\1284.jpg,1,train
photos\1285.jpg,1,train
photos\1286.jpg,1,train
photos\1287.jpg,1,train
photos\1288.jpg,1,train
photos\1289.jpg,1,train
photos\1290.jpg,1,train
photos\1291.jpg,1,train
photos\1292.jpg,1,test
photos\1293.jpg,1,train
photos\1294.jpg,1,train
photos\1295.jpg,1,test
photos\1296.jpg,1,train
photos\1297.jpg,1,val
photos\1298.jpg,1,test
photos\1299.jpg,1,train
photos\1300.jpg,1,train
photos\1301.jpg,1,test
photos\1302.jpg,1,train
photos\1303.jpg,1,train
photos\1304.jpg,1,train
photos\1305.jpg,1,train
photos\1306.jpg,1,val
photos\1307.jpg,1,test
photos\1308.jpg,1,train
photos\1309.jpg,1,train
photos\1310.jpg,1,train
photos\1311.jpg,1,train
photos\1312.jpg,1,train
photos\1313.jpg,1,val
photos\1314.jpg,1,train
photos\1315.jpg,1,val
photos\1316.jpg,1,train
photos\1317.jpg,1,train
photos\1318.jpg,1,train
photos\1319.jpg,1,train
photos\1320.jpg,1,val
photos\1321.jpg,1,train
photos\1322.jpg,1,train
photos\1323.jpg,1,train
photos\1324.jpg,1,train
photos\1325.jpg,1,val
photos\1326.jpg,1,train
photos\1327.jpg,1,train
photos\1328.jpg,1,test
photos\1329.jpg,1,train
photos\1330.jpg,1,val
photos\1331.jpg,1,train
photos\1332.jpg,1,val
photos\1333.jpg,1,train
photos\1334.jpg,1,train
photos\1335.jpg,1,train
photos\1336.jpg,1,val
photos\1337.jpg,1,train
photos\1338.jpg,1,train
photos\1339.jpg,1,train
photos\1340.jpg,1,train
photos\1341.jpg,1,train
photos\1342.jpg,1,train
photos\1343.jpg,1,val
photos\1344.jpg,1,train
photos\1345.jpg,1,train
photos\1346.jpg,1,train
photos\1347.jpg,1,test
photos\1348.jpg,1,train
photos\1349.jpg,1,val
photos\1350.jpg,1,train
photos\1351.jpg,1,train
photos\1352.jpg,1,train
photos\1353.jpg,1,train
photos\1354.jpg,1,val
photos\1355.jpg,1,test
photos\1356.jpg,1,train
photos\1357.jpg,1,train
photos\1358.jpg,1,train
photos\1359.jpg,1,val
photos\1360.jpg,1,train
photos\1361.jpg,1,train
photos\1362.jpg,1,train
photos\1363.jpg,1,train
photos\1364.jpg,1,test
photos\1365.jpg,1,train
photos\1366.jpg,1,val
photos\1367.jpg,1,train
photos\1368.jpg,1,test
photos\1369.jpg,1,train
photos\1370.jpg,1,test
photos\1371.jpg,1,train
photos\1372.jpg,1,val
photos\1373.jpg,1,val
photos\1374.jpg,1,train
photos\1375.jpg,1,train
photos\1376.jpg,1,train
photos\1377.jpg,1,train
photos\1378.jpg,1,train
photos\1379.jpg,1,train
photos\1380.jpg,1,train
photos\1381.jpg,1,train
photos\1382.jpg,1,train
photos\1383.jpg,1,train
photos\1384.jpg,1,train
photos\1385.jpg,1,val
photos\1386.jpg,1,train
photos\1387.jpg,1,train
photos\1388.jpg,1,train
photos\1389.jpg,1,val
photos\1390.jpg,1,train
photos\1391.jpg,1,test
photos\1392.jpg,1,train
photos\1393.jpg,1,train
photos\1394.jpg,1,train
photos\1395.jpg,1,train
photos\1396.jpg,1,train
photos\1397.jpg,1,val
photos\1398.jpg,1,train
photos\1399.jpg,1,train
photos\1400.jpg,1,train
photos\1401.jpg,1,test
photos\1402.jpg,1,train
photos\1403.jpg,1,train
photos\1404.jpg,1,train
photos\1405.jpg,1,train
photos\1406.jpg,1,train
photos\1407.jpg,1,train
photos\1408.jpg,1,train
photos\1409.jpg,1,test
photos\1410.jpg,1,test
photos\1411.jpg,1,train
photos\1412.jpg,1,train
photos\1413.jpg,1,train
photos\1414.jpg,1,train
photos\1415.jpg,1,train
photos\1416.jpg,1,test
photos\1417.jpg,1,val
photos\1418.jpg,1,train
photos\1419.jpg,1,train
photos\1420.jpg,1,train
photos\1421.jpg,1,train
photos\1422.jpg,1,train
photos\1423.jpg,1,train
photos\1424.jpg,1,train
photos\1425.jpg,1,train
photos\1426.jpg,1,train
photos\1427.jpg,1,train
photos\1428.jpg,1,train
photos\1429.jpg,1,val
photos\1430.jpg,1,train
photos\1431.jpg,1,train
photos\1432.jpg,1,train
photos\1433.jpg,1,train
photos\1434.jpg,1,val
photos\1435.jpg,1,test
photos\1436.jpg,1,train
photos\1437.jpg,1,train
photos\1438.jpg,1,train
photos\1439.jpg,1,test
photos\1440.jpg,1,test
photos\1441.jpg,1,val
photos\1442.jpg,1,train
photos\1443.jpg,1,train
photos\1444.jpg,1,test
photos\1445.jpg,1,train
photos\1446.jpg,1,test
photos\1447.jpg,1,train
photos\1448.jpg,1,train
photos\1449.jpg,1,train
photos\1450.jpg,1,train
photos\1451.jpg,1,train
photos\1452.jpg,1,train
photos\1453.jpg,1,train
photos\1454.jpg,1,train
photos\1455.jpg,1,train
photos\1456.jpg,1,train
photos\1457.jpg,1,train
photos\1458.jpg,1,train
photos\1459.jpg,1,val
photos\1460.jpg,1,train
photos\1461.jpg,1,val
photos\1462.jpg,1,train
photos\1463.jpg,1,train
photos\1464.jpg,1,train
photos\1465.jpg,1,val
photos\1466.jpg,1,train
photos\1467.jpg,1,train
photos\1468.jpg,1,train
photos\1469.jpg,1,train
photos\1470.jpg,1,val
photos\1471.jpg,1,test
photos\1472.jpg,1,train
photos\1473.jpg,1,train
photos\1474.jpg,1,val
photos\1475.jpg,1,train
photos\1476.jpg,1,train
photos\1477.jpg,1,train
photos\1478.jpg,1,train
photos\1479.jpg,1,test
photos\1480.jpg,1,test
photos\1481.jpg,1,train
photos\1482.jpg,1,train
photos\1483.jpg,1,test
photos\1484.jpg,1,train
photos\1485.jpg,1,test
photos\1486.jpg,1,test
photos\1487.jpg,1,train
photos\1488.jpg,1,train
photos\1489.jpg,1,train
photos\1490.jpg,1,val
photos\1491.jpg,1,train
photos\1492.jpg,1,train
photos\1493.jpg,1,val
photos\1494.jpg,1,val
photos\1495.jpg,1,train
photos\1496.jpg,1,test
photos\1497.jpg,1,test
photos\1498.jpg,1,train
photos\1499.jpg,1,train
photos\1500.jpg,1,train
photos\1501.jpg,1,test
photos\1502.jpg,1,train
photos\1503.jpg,1,train
photos\1504.jpg,1,train
photos\1505.jpg,1,test
photos\1506.jpg,1,train
photos\1507.jpg,1,train
photos\1508.jpg,1,train
photos\1509.jpg,1,train
photos\1510.jpg,1,train
photos\1511.jpg,1,train
photos\1512.jpg,1,train
photos\1513.jpg,1,train
photos\1514.jpg,1,train
photos\1515.jpg,1,train
photos\1516.jpg,1,test
photos\1517.jpg,1,val
photos\1518.jpg,1,train
photos\1519.jpg,1,train
photos\1520.jpg,1,val
photos\1521.jpg,1,test
photos\1522.jpg,1,train
photos\1523.jpg,1,test
photos\1524.jpg,1,train
photos\1525.jpg,1,train
photos\1526.jpg,1,train
photos\1527.jpg,1,val
photos\1528.jpg,1,test
photos\1529.jpg,1,test
photos\1530.jpg,1,test
photos\1531.jpg,1,train
photos\1532.jpg,1,val
photos\1533.jpg,1,train
photos\1534.jpg,1,train
photos\1535.jpg,1,test
photos\1536.jpg,1,train
photos\1537.jpg,1,train
photos\1538.jpg,1,train
photos\1539.jpg,1,train
photos\1540.jpg,1,train
photos\1541.jpg,1,val
photos\1542.jpg,1,val
photos\1543.jpg,1,val
photos\1544.jpg,1,train
photos\1545.jpg,1,train
photos\1546.jpg,1,train
photos\1547.jpg,1,train
photos\1548.jpg,1,train
photos\1549.jpg,1,val
photos\1550.jpg,1,val
photos\1551.jpg,1,train
photos\1552.jpg,1,train
photos\1553.jpg,1,train
photos\1554.jpg,1,train
photos\1555.jpg,1,train
photos\1556.jpg,1,val
photos\1557.jpg,1,train
photos\1558.jpg,1,train
photos\1559.jpg,1,train
photos\1560.jpg,1,train
photos\1561.jpg,1,train
photos\1562.jpg,1,train
photos\1563.jpg,1,train
photos\1564.jpg,1,train
photos\1565.jpg,1,train
photos\1566.jpg,1,train
photos\1567.jpg,1,train
photos\1568.jpg,1,train
photos\1569.jpg,1,val
photos\1570.jpg,1,train
photos\1571.jpg,1,test
photos\1572.jpg,1,val
photos\1573.jpg,1,train
photos\1574.jpg,1,val
photos\1575.jpg,1,val
photos\1576.jpg,1,train
photos\1577.jpg,1,train
photos\1578.jpg,1,train
photos\1579.jpg,1,train
photos\1580.jpg,1,test
photos\1581.jpg,1,train
photos\1582.jpg,1,val
photos\1583.jpg,1,train
photos\1584.jpg,1,train
photos\1585.jpg,1,train
photos\1586.jpg,1,test
photos\1587.jpg,1,train
photos\1588.jpg,1,train
photos\1589.jpg,1,train
photos\1590.jpg,1,test
photos\1591.jpg,1,train
photos\1592.jpg,1,train
photos\1593.jpg,1,train
photos\1594.jpg,1,train
photos\1595.jpg,1,train
photos\1596.jpg,1,test
photos\1597.jpg,1,train
photos\1598.jpg,1,test
photos\1599.jpg,1,train
photos\1600.jpg,1,train
photos\1601.jpg,1,train
photos\1602.jpg,1,train
photos\1603.jpg,1,train
photos\1604.jpg,1,test
photos\1605.jpg,1,val
photos\1606.jpg,1,val
photos\1607.jpg,1,train
photos\1608.jpg,1,train
photos\1609.jpg,1,train
photos\1610.jpg,1,train
photos\1611.jpg,1,train
photos\1612.jpg,1,train
photos\1613.jpg,1,train
photos\1614.jpg,1,train
photos\1615.jpg,1,train
photos\1616.jpg,1,train
photos\1617.jpg,1,train
photos\1618.jpg,1,val
photos\1619.jpg,1,train
photos\1620.jpg,1,val
photos\1621.jpg,1,train
photos\1622.jpg,1,train
photos\1623.jpg,1,train
photos\1624.jpg,1,train
photos\1625.jpg,1,train
photos\1626.jpg,1,val
photos\1627.jpg,1,train
photos\1628.jpg,1,train
photos\1629.jpg,1,train
photos\1630.jpg,1,val
photos\1631.jpg,1,val
photos\1632.jpg,1,test
photos\1633.jpg,1,train
photos\1634.jpg,1,val
photos\1635.jpg,1,test
photos\1636.jpg,1,val
photos\1637.jpg,1,test
photos\1638.jpg,1,train
photos\1639.jpg,1,test
photos\1640.jpg,1,train
photos\1641.jpg,1,train
photos\1642.jpg,1,train
photos\1643.jpg,1,train
photos\1644.jpg,1,test
photos\1645.jpg,1,train
photos\1646.jpg,1,train
photos\1647.jpg,1,val
photos\1648.jpg,1,train
photos\1649.jpg,1,test
photos\1650.jpg,1,val
photos\1651.jpg,1,train
photos\1652.jpg,1,train
photos\1653.jpg,1,train
photos\1654.jpg,1,train
photos\1655.jpg,1,val
photos\1656.jpg,1,train
photos\1657.jpg,1,train
photos\1658.jpg,1,train
photos\1659.jpg,1,train
photos\1660.jpg,1,train
photos\1661.jpg,1,train
photos\1662.jpg,1,test
photos\1663.jpg,1,train
photos\1664.jpg,1,test
photos\1665.jpg,1,test
photos\1666.jpg,1,train
photos\1667.jpg,1,train
photos\1668.jpg,1,train
photos\1669.jpg,1,val
photos\1670.jpg,1,train
photos\1671.jpg,1,train
photos\1672.jpg,1,train
photos\1673.jpg,1,train
photos\1674.jpg,1,val
photos\1675.jpg,1,train
photos\1676.jpg,1,train
photos\1677.jpg,1,val
photos\1678.jpg,1,train
photos\1679.jpg,1,test
photos\1680.jpg,1,test
photos\1681.jpg,1,val
photos\1682.jpg,1,train
photos\1683.jpg,1,test
photos\1684.jpg,1,val
photos\1685.jpg,1,train
photos\1686.jpg,1,test
photos\1687.jpg,1,test
photos\1688.jpg,1,val
photos\1689.jpg,1,train
photos\1690.jpg,1,train
photos\1691.jpg,1,train
photos\1692.jpg,1,train
photos\1693.jpg,1,train
photos\1694.jpg,1,test
photos\1695.jpg,1,train
photos\1696.jpg,1,test
photos\1697.jpg,1,test
photos\1698.jpg,1,train
photos\1699.jpg,1,test
photos\1700.jpg,1,val
photos\1701.jpg,1,train
photos\1702.jpg,1,train
photos\1703.jpg,1,train
photos\1704.jpg,1,train
photos\1705.jpg,1,test
photos\1706.jpg,1,test
photos\1707.jpg,1,train
photos\1708.jpg,1,test
photos\1709.jpg,1,train
photos\1710.jpg,1,train
photos\1711.jpg,1,train
photos\1712.jpg,1,train
photos\1713.jpg,1,train
photos\1714.jpg,1,train
photos\1715.jpg,1,train
photos\1716.jpg,1,test
photos\1717.jpg,1,train
photos\1718.jpg,1,train
photos\1719.jpg,1,train
photos\1720.jpg,1,val
photos\1721.jpg,1,train
photos\1722.jpg,1,train
photos\1723.jpg,1,test
photos\1724.jpg,1,train
photos\1725.jpg,1,train
photos\1726.jpg,1,train
photos\1727.jpg,1,train
photos\1728.jpg,1,train
photos\1729.jpg,1,train
photos\1730.jpg,1,train
photos\1731.jpg,1,train
photos\1732.jpg,1,train
photos\1733.jpg,1,train
photos\1734.jpg,1,test
photos\1735.jpg,1,test
photos\1736.jpg,1,train
photos\1737.jpg,1,train
photos\1738.jpg,1,train
photos\1739.jpg,1,train
photos\1740.jpg,1,train
photos\1741.jpg,1,train
photos\1742.jpg,1,train
photos\1743.jpg,1,train
photos\1744.jpg,1,train
photos\1745.jpg,1,train
photos\1746.jpg,1,train
photos\1747.jpg,1,train
photos\1748.jpg,1,train
photos\1749.jpg,1,train
photos\1750.jpg,1,train
photos\1751.jpg,1,train
photos\1752.jpg,1,test
photos\1753.jpg,1,train
photos\1754.jpg,1,val
photos\1755.jpg,1,train
photos\1756.jpg,1,val
photos\1757.jpg,1,train
photos\1758.jpg,1,test
photos\1759.jpg,1,test
photos\1760.jpg,1,test
photos\1761.jpg,1,train
photos\1762.jpg,1,val
photos\1763.jpg,1,train
photos\1764.jpg,1,train
photos\1765.jpg,1,train
photos\1766.jpg,1,train
photos\1767.jpg,1,train
photos\1768.jpg,1,train
photos\1769.jpg,1,test
photos\1770.jpg,1,train
photos\1771.jpg,1,train
photos\1772.jpg,1,train
photos\1773.jpg,1,val
photos\1774.jpg,1,test
photos\1775.jpg,1,val
photos\1776.jpg,1,train
photos\1777.jpg,1,train
photos\1778.jpg,1,train
photos\1779.jpg,1,train
photos\1780.jpg,1,train
photos\1781.jpg,1,train
photos\1782.jpg,1,val
photos\1783.jpg,1,val
photos\1784.jpg,1,train
photos\1785.jpg,1,train
photos\1786.jpg,1,val
photos\1787.jpg,1,train
photos\1788.jpg,1,test
photos\1789.jpg,1,train
photos\1790.jpg,1,train
photos\1791.jpg,1,train
photos\1792.jpg,1,train
photos\1793.jpg,1,train
photos\1794.jpg,1,train
photos\1795.jpg,1,test
photos\1796.jpg,1,train
photos\1797.jpg,1,test
photos\1798.jpg,1,train
photos\1799.jpg,1,train
photos\1800.jpg,1,test
photos\1801.jpg,1,train
photos\1802.jpg,1,train
photos\1803.jpg,1,test
photos\1804.jpg,1,train
photos\1805.jpg,1,train
photos\1806.jpg,1,train
photos\1807.jpg,1,test
photos\1808.jpg,1,train
photos\1809.jpg,1,train
photos\1810.jpg,1,train
photos\1811.jpg,1,test
photos\1812.jpg,1,train
photos\1813.jpg,1,train
photos\1814.jpg,1,train
photos\1815.jpg,1,train
photos\1816.jpg,1,train
photos\1817.jpg,1,test
photos\1818.jpg,1,train
photos\1819.jpg,1,train
photos\1820.jpg,1,test
photos\1821.jpg,1,train
photos\1822.jpg,1,val
photos\1823.jpg,1,train
photos\1824.jpg,1,test
photos\1825.jpg,1,val
photos\1826.jpg,1,train
photos\1827.jpg,1,train
photos\1828.jpg,1,val
photos\1829.jpg,1,val
photos\1830.jpg,1,train
photos\1831.jpg,1,train
photos\1832.jpg,1,train
photos\1833.jpg,1,train
photos\1834.jpg,1,train
photos\1835.jpg,1,train
photos\1836.jpg,1,train
photos\1837.jpg,1,val
photos\1838.jpg,1,train
photos\1839.jpg,1,val
photos\1840.jpg,1,train
photos\1841.jpg,1,train
photos\1842.jpg,1,test
photos\1843.jpg,1,train
photos\1844.jpg,1,test
photos\1845.jpg,1,train
photos\1846.jpg,1,train
photos\1847.jpg,1,train
photos\1848.jpg,1,train
photos\1849.jpg,1,val
photos\1850.jpg,1,train
photos\1851.jpg,1,train
photos\1852.jpg,1,val
photos\1853.jpg,1,val
photos\1854.jpg,1,test
photos\1855.jpg,1,train
photos\1856.jpg,1,val
photos\1857.jpg,1,val
photos\1858.jpg,1,train
photos\1859.jpg,1,train
photos\1860.jpg,1,train
photos\1861.jpg,1,train
photos\1862.jpg,1,train
photos\1863.jpg,1,train
photos\1864.jpg,1,test
photos\1865.jpg,1,train
photos\1866.jpg,1,train
photos\1867.jpg,1,train
photos\1868.jpg,1,train
photos\1869.jpg,1,train
photos\1870.jpg,1,train
photos\1871.jpg,1,val
photos\1872.jpg,1,train
photos\1873.jpg,1,train
photos\1874.jpg,1,train
photos\1875.jpg,1,train
photos\1876.jpg,1,val
photos\1877.jpg,1,train
photos\1878.jpg,1,train
photos\1879.jpg,1,train
photos\1880.jpg,1,train
photos\1881.jpg,1,train
photos\1882.jpg,1,test
photos\1883.jpg,1,train
photos\1884.jpg,1,train
photos\1885.jpg,1,test
photos\1886.jpg,1,train
photos\1887.jpg,1,train
photos\1888.jpg,1,val
photos\1889.jpg,1,train
photos\1890.jpg,1,train
photos\1891.jpg,1,test
photos\1892.jpg,1,train
photos\1893.jpg,1,val
photos\1894.jpg,1,val
photos\1895.jpg,1,train
photos\1896.jpg,1,test
photos\1897.jpg,1,train
photos\1898.jpg,1,train
photos\1899.jpg,1,train
photos\1900.jpg,1,test
photos\1901.jpg,1,train
photos\1902.jpg,1,val
photos\1903.jpg,1,train
photos\1904.jpg,1,val
photos\1905.jpg,1,train
photos\1906.jpg,1,train
photos\1907.jpg,1,test
photos\1908.jpg,1,train
photos\1909.jpg,1,val
photos\1910.jpg,1,train
photos\1911.jpg,1,train
photos\1912.jpg,1,train
photos\1913.jpg,1,train
photos\1914.jpg,1,train
photos\1915.jpg,1,train
photos\1916.jpg,1,train
photos\1917.jpg,1,train
photos\1918.jpg,1,val
photos\1919.jpg,1,train
photos\1920.jpg,1,test
photos\1921.jpg,1,train
photos\1922.jpg,1,train
photos\1923.jpg,1,train
photos\1924.jpg,1,test
photos\1925.jpg,1,train
photos\1926.jpg,1,train
photos\1927.jpg,1,train
photos\1928.jpg,1,train
photos\1929.jpg,1,train
photos\1930.jpg,1,train
photos\1931.jpg,1,test
photos\1932.jpg,1,test
photos\1933.jpg,1,train
photos\1934.jpg,1,train
photos\1935.jpg,1,train
photos\1936.jpg,1,val
photos\1937.jpg,1,train
photos\1938.jpg,1,train
photos\1939.jpg,1,train
photos\1940.jpg,1,train
photos\1941.jpg,1,train
photos\1942.jpg,1,train
photos\1943.jpg,1,val
photos\1944.jpg,1,val
photos\1945.jpg,1,val
photos\1946.jpg,1,train
photos\1947.jpg,1,val
photos\1948.jpg,1,train
photos\1949.jpg,1,train
photos\1950.jpg,1,train
photos\1951.jpg,1,train
photos\1952.jpg,1,train
photos\1953.jpg,1,train
photos\1954.jpg,1,train
photos\1955.jpg,1,train
photos\1956.jpg,1,test
photos\1957.jpg,1,train
photos\1958.jpg,1,train
photos\1959.jpg,1,val
photos\1960.jpg,1,test
photos\1961.jpg,1,train
photos\1962.jpg,1,train
photos\1963.jpg,1,train
photos\1964.jpg,1,train
photos\1965.jpg,1,train
photos\1966.jpg,1,train
photos\1967.jpg,1,train
photos\1968.jpg,1,train
photos\1969.jpg,1,val
photos\1970.jpg,1,test
photos\1971.jpg,1,train
photos\1972.jpg,1,train
photos\1973.jpg,1,train
photos\1974.jpg,1,train
photos\1975.jpg,1,test
photos\1976.jpg,1,val
photos\1977.jpg,1,val
photos\1978.jpg,1,train
photos\1979.jpg,1,train
photos\1980.jpg,1,train
photos\1981.jpg,1,train
photos\1982.jpg,1,test
photos\1983.jpg,1,test
photos\1984.jpg,1,train
photos\1985.jpg,1,val
photos\1986.jpg,1,train
photos\1987.jpg,1,test
photos\1988.jpg,1,train
photos\1989.jpg,1,train
photos\1990.jpg,1,val
photos\1991.jpg,1,train
photos\1992.jpg,1,train
photos\1993.jpg,1,train
photos\1994.jpg,1,train
photos\1995.jpg,1,val
photos\1996.jpg,1,train
photos\1997.jpg,1,val
photos\1998.jpg,1,train
photos\1999.jpg,1,test
photos\2000.jpg,1,train
photos\2001.jpg,1,val
photos\2002.jpg,1,train
photos\2003.jpg,1,train
photos\2004.jpg,1,train
photos\2005.jpg,1,train
photos\2006.jpg,1,train
photos\2007.jpg,1,test
photos\2008.jpg,1,train
photos\2009.jpg,1,train
photos\2010.jpg,1,train
photos\2011.jpg,1,train
photos\2012.jpg,1,train
photos\2013.jpg,1,train
photos\2014.jpg,1,train
photos\2015.jpg,1,train
photos\2016.jpg,1,train
photos\2017.jpg,1,train
photos\2018.jpg,1,val
photos\2019.jpg,1,train
photos\2020.jpg,1,train
photos\2021.jpg,1,train
photos\2022.jpg,1,val
photos\2023.jpg,1,train
photos\2024.jpg,1,train
photos\2025.jpg,1,train
photos\2026.jpg,1,train
photos\2027.jpg,1,val
photos\2028.jpg,1,test
photos\2029.jpg,1,train
photos\2030.jpg,1,train
photos\2031.jpg,1,train
photos\2032.jpg,1,train
photos\2033.jpg,1,train
photos\2034.jpg,1,train
photos\2035.jpg,1,train
photos\2036.jpg,1,train
photos\2037.jpg,1,val
photos\2038.jpg,1,train
photos\2039.jpg,1,test
photos\2040.jpg,1,val
photos\2041.jpg,1,train
photos\2042.jpg,1,test
photos\2043.jpg,1,train
photos\2044.jpg,1,train
photos\2045.jpg,1,train
photos\2046.jpg,1,train
photos\2047.jpg,1,train
photos\2048.jpg,1,test
photos\2049.jpg,1,val
photos\2050.jpg,1,test
photos\2051.jpg,1,train
photos\2052.jpg,1,train
photos\2053.jpg,1,val
photos\2054.jpg,1,train
photos\2055.jpg,1,train
photos\2056.jpg,1,val
photos\2057.jpg,1,test
photos\2058.jpg,1,train
photos\2059.jpg,1,train
photos\2060.jpg,1,train
photos\2061.jpg,1,val
photos\2062.jpg,1,test
photos\2063.jpg,1,test
photos\2064.jpg,1,train
photos\2065.jpg,1,train
photos\2066.jpg,1,test
photos\2067.jpg,1,train
photos\2068.jpg,1,train
photos\2069.jpg,1,test
photos\2070.jpg,1,train
photos\2071.jpg,1,val
photos\2072.jpg,1,train
photos\2073.jpg,1,val
photos\2074.jpg,1,train
photos\2075.jpg,1,test
photos\2076.jpg,1,val
photos\2077.jpg,1,val
photos\2078.jpg,1,train
photos\2079.jpg,1,train
photos\2080.jpg,1,train
photos\2081.jpg,1,train
photos\2082.jpg,1,val
photos\2083.jpg,1,val
photos\2084.jpg,1,train
photos\2085.jpg,1,train
photos\2086.jpg,1,test
photos\2087.jpg,1,train
photos\2088.jpg,1,train
photos\2089.jpg,1,test
photos\2090.jpg,1,train
photos\2091.jpg,1,train
photos\2092.jpg,1,train
photos\2093.jpg,1,train
photos\2094.jpg,1,train
photos\2095.jpg,1,val
photos\2096.jpg,1,train
photos\2097.jpg,1,train
photos\2098.jpg,1,train
photos\2099.jpg,1,train
photos\2100.jpg,1,train
photos\2101.jpg,1,val
photos\2102.jpg,1,test
photos\2103.jpg,1,train
photos\2104.jpg,1,train
photos\2105.jpg,1,train
photos\2106.jpg,1,val
photos\2107.jpg,1,train
photos\2108.jpg,1,train
photos\2109.jpg,1,train
photos\2110.jpg,1,val
photos\2111.jpg,1,train
photos\2112.jpg,1,train
photos\2113.jpg,1,train
photos\2114.jpg,1,train
photos\2115.jpg,1,train
photos\2116.jpg,1,train
photos\2117.jpg,1,train
photos\2118.jpg,1,train
photos\2119.jpg,1,train
photos\2120.jpg,1,train
photos\2121.jpg,1,train
photos\2122.jpg,1,train
photos\2123.jpg,1,val
photos\2124.jpg,1,train
photos\2125.jpg,1,train
photos\2126.jpg,1,val
photos\2127.jpg,1,train
photos\2128.jpg,1,train
photos\2129.jpg,1,val
photos\2130.jpg,1,train
photos\2131.jpg,1,train
photos\2132.jpg,1,train
photos\2133.jpg,1,train
photos\2134.jpg,1,val
photos\2135.jpg,1,train
photos\2136.jpg,1,test
photos\2137.jpg,1,train
photos\2138.jpg,1,val
photos\2139.jpg,1,train
photos\2140.jpg,1,test
photos\2141.jpg,1,train
photos\2142.jpg,1,test
photos\2143.jpg,1,val
photos\2144.jpg,1,val
photos\2145.jpg,1,train
photos\2146.jpg,1,val
photos\2147.jpg,1,test
photos\2148.jpg,1,train
photos\2149.jpg,1,train
photos\2150.jpg,1,train
photos\2151.jpg,1,val
photos\2152.jpg,1,train
photos\2153.jpg,1,val
photos\2154.jpg,1,train
photos\2155.jpg,1,train
photos\2156.jpg,1,train
photos\2157.jpg,1,val
photos\2158.jpg,1,train
photos\2159.jpg,1,val
photos\2160.jpg,1,train
photos\2161.jpg,1,test
photos\2162.jpg,1,train
photos\2163.jpg,1,train
photos\2164.jpg,1,train
photos\2165.jpg,1,train
photos\2166.jpg,1,val
photos\2167.jpg,1,train
photos\2168.jpg,1,train
photos\2169.jpg,1,train
photos\2170.jpg,1,test
photos\2171.jpg,1,train
photos\2172.jpg,1,train
photos\2173.jpg,1,train
photos\2174.jpg,1,val
photos\2175.jpg,1,train
photos\2176.jpg,1,train
photos\2177.jpg,1,train
photos\2178.jpg,1,train
photos\2179.jpg,1,train
photos\2180.jpg,1,train
photos\2181.jpg,1,val
photos\2182.jpg,1,train
photos\2183.jpg,1,test
photos\2184.jpg,1,train
photos\2185.jpg,1,train
photos\2186.jpg,1,train
photos\2187.jpg,1,train
photos\2188.jpg,1,val
photos\2189.jpg,1,train
photos\2190.jpg,1,train
photos\2191.jpg,1,train
photos\2192.jpg,1,test
photos\2193.jpg,1,val
photos\2194.jpg,1,val
photos\2195.jpg,1,train
photos\2196.jpg,1,train
photos\2197.jpg,1,train
photos\2198.jpg,1,test
photos\2199.jpg,1,test
photos\2200.jpg,1,test
photos\2201.jpg,1,test
photos\2202.jpg,1,val
photos\2203.jpg,1,train
photos\2204.jpg,1,train
photos\2205.jpg,1,train
photos\2206.jpg,1,test
photos\2207.jpg,1,train
photos\2208.jpg,1,val
photos\2209.jpg,1,train
photos\2210.jpg,1,train
photos\2211.jpg,1,train
photos\2212.jpg,1,train
photos\2213.jpg,1,train
photos\2214.jpg,1,train
photos\2215.jpg,1,test
photos\2216.jpg,1,train
photos\2217.jpg,1,train
photos\2218.jpg,1,val
photos\2219.jpg,1,train
photos\2220.jpg,1,val
photos\2221.jpg,1,val
photos\2222.jpg,1,train
photos\2223.jpg,1,train
photos\2224.jpg,1,train
photos\2225.jpg,1,val
photos\2226.jpg,1,train
photos\2227.jpg,1,train
photos\2228.jpg,1,train
photos\2229.jpg,1,train
photos\2230.jpg,1,train
photos\2231.jpg,1,train
photos\2232.jpg,1,val
photos\2233.jpg,1,train
photos\2234.jpg,1,train
photos\2235.jpg,1,train
photos\2236.jpg,1,test
photos\2237.jpg,1,train
photos\2238.jpg,1,test
photos\2239.jpg,1,train
photos\2240.jpg,1,val
photos\2241.jpg,1,train
photos\2242.jpg,1,train
photos\2243.jpg,1,train
photos\2244.jpg,1,train
photos\2245.jpg,1,train
photos\2246.jpg,1,train
photos\2247.jpg,1,train
photos\2248.jpg,1,train
photos\2249.jpg,1,train
photos\2250.jpg,1,train
photos\2251.jpg,1,train
photos\2252.jpg,1,train
photos\2253.jpg,1,train
photos\2254.jpg,1,test
photos\2255.jpg,1,train
photos\2256.jpg,1,test
photos\2257.jpg,1,train
photos\2258.jpg,1,train
photos\2259.jpg,1,train
photos\2260.jpg,1,train
photos\2261.jpg,1,train
photos\2262.jpg,1,val
photos\2263.jpg,1,train
photos\2264.jpg,1,train
photos\2265.jpg,1,test
photos\2266.jpg,1,test
photos\2267.jpg,1,train
photos\2268.jpg,1,test
photos\2269.jpg,1,train
photos\2270.jpg,1,train
photos\2271.jpg,1,train
photos\2272.jpg,1,train
photos\2273.jpg,1,val
photos\2274.jpg,1,train
photos\2275.jpg,1,train
photos\2276.jpg,1,val
photos\2277.jpg,1,train
photos\2278.jpg,1,test
photos\2279.jpg,1,test
photos\2280.jpg,1,train
photos\2281.jpg,1,val
photos\2282.jpg,1,train
photos\2283.jpg,1,train
photos\2284.jpg,1,train
photos\2285.jpg,1,train
photos\2286.jpg,1,train
photos\2287.jpg,1,val
photos\2288.jpg,1,train
photos\2289.jpg,1,train
photos\2290.jpg,1,train
photos\2291.jpg,1,train
photos\2292.jpg,1,train
photos\2293.jpg,1,train
photos\2294.jpg,1,train
photos\2295.jpg,1,test
photos\2296.jpg,1,train
photos\2297.jpg,1,val
photos\2298.jpg,1,train
photos\2299.jpg,1,train
photos\2300.jpg,1,train
photos\2301.jpg,1,test
photos\2302.jpg,1,test
photos\2303.jpg,1,train
photos\2304.jpg,1,train
photos\2305.jpg,1,train
photos\2306.jpg,1,val
photos\2307.jpg,1,train
photos\2308.jpg,1,train
photos\2309.jpg,1,train
photos\2310.jpg,1,train
photos\2311.jpg,1,train
photos\2312.jpg,1,test
photos\2313.jpg,1,train
photos\2314.jpg,1,train
photos\2315.jpg,1,train
photos\2316.jpg,1,train
photos\2317.jpg,1,train
photos\2318.jpg,1,test
photos\2319.jpg,1,train
photos\2320.jpg,1,train
photos\2321.jpg,1,train
photos\2322.jpg,1,train
photos\2323.jpg,1,train
photos\2324.jpg,1,train
photos\2325.jpg,1,test
photos\2326.jpg,1,train
photos\2327.jpg,1,val
photos\2328.jpg,1,test
photos\2329.jpg,1,train
photos\2330.jpg,1,train
photos\2331.jpg,1,train
photos\2332.jpg,1,test
photos\2333.jpg,1,train
photos\2334.jpg,1,train
photos\2335.jpg,1,train
photos\2336.jpg,1,train
photos\2337.jpg,1,test
photos\2338.jpg,1,train
photos\2339.jpg,1,train
photos\2340.jpg,1,train
photos\2341.jpg,1,train
photos\2342.jpg,1,train
photos\2343.jpg,1,train
photos\2344.jpg,1,test
photos\2345.jpg,1,train
photos\2346.jpg,1,train
photos\2347.jpg,1,train
photos\2348.jpg,1,train
photos\2349.jpg,1,train
photos\2350.jpg,1,train
photos\2351.jpg,1,train
photos\2352.jpg,1,train
photos\2353.jpg,1,test
photos\2354.jpg,1,train
photos\2355.jpg,1,train
photos\2356.jpg,1,train
photos\2357.jpg,1,train
photos\2358.jpg,1,val
photos\2359.jpg,1,train
photos\2360.jpg,1,train
photos\2361.jpg,1,train
photos\2362.jpg,1,test
photos\2363.jpg,1,train
photos\2364.jpg,1,test
photos\2365.jpg,1,train
photos\2366.jpg,1,train
photos\2367.jpg,1,train
photos\2368.jpg,1,val
photos\2369.jpg,1,test
photos\2370.jpg,1,train
photos\2371.jpg,1,val
photos\2372.jpg,1,val
photos\2373.jpg,1,train
photos\2374.jpg,1,train
photos\2375.jpg,1,train
photos\2376.jpg,1,train
photos\2377.jpg,1,train
photos\2378.jpg,1,train
photos\2379.jpg,1,train
photos\2380.jpg,1,train
photos\2381.jpg,1,train
photos\2382.jpg,1,train
photos\2383.jpg,1,train
photos\2384.jpg,1,train
photos\2385.jpg,1,train
photos\2386.jpg,1,test
photos\2387.jpg,1,val
photos\2388.jpg,1,train
photos\2389.jpg,1,test
photos\2390.jpg,1,train
photos\2391.jpg,1,train
photos\2392.jpg,1,test
photos\2393.jpg,1,train
photos\2394.jpg,1,test
photos\2395.jpg,1,val
photos\2396.jpg,1,val
photos\2397.jpg,1,train
photos\2398.jpg,1,train
photos\2399.jpg,1,train
photos\2400.jpg,1,train
photos\2401.jpg,1,train
photos\2402.jpg,1,train
photos\2403.jpg,1,val
photos\2404.jpg,1,train
photos\2405.jpg,1,train
photos\2406.jpg,1,train
photos\2407.jpg,1,train
photos\2408.jpg,1,val
photos\2409.jpg,1,train
photos\2410.jpg,1,train
photos\2411.jpg,1,train
photos\2412.jpg,1,train
photos\2413.jpg,1,train
photos\2414.jpg,1,train
photos\2415.jpg,1,train
photos\2416.jpg,1,train
photos\2417.jpg,1,train
photos\2418.jpg,1,train
photos\2419.jpg,1,val
photos\2420.jpg,1,val
photos\2421.jpg,1,train
photos\2422.jpg,1,train
photos\2423.jpg,1,train
photos\2424.jpg,1,train
photos\2425.jpg,1,train
photos\2426.jpg,1,train
photos\2427.jpg,1,train
photos\2428.jpg,1,val
photos\2429.jpg,1,val
photos\2430.jpg,1,train
photos\2431.jpg,1,train
photos\2432.jpg,1,train
photos\2433.jpg,1,test
photos\2434.jpg,1,test
photos\2435.jpg,1,val
photos\2436.jpg,1,test
photos\2437.jpg,1,train
photos\2438.jpg,1,train
photos\2439.jpg,1,train
photos\2440.jpg,1,train
photos\2441.jpg,1,train
photos\2442.jpg,1,train
photos\2443.jpg,1,train
photos\2444.jpg,1,train
photos\2445.jpg,1,val
photos\2446.jpg,1,val
photos\2447.jpg,1,train
photos\2448.jpg,1,train
photos\2449.jpg,1,train
photos\2450.jpg,1,test
photos\2451.jpg,1,test
photos\2452.jpg,1,train
photos\2453.jpg,1,train
photos\2454.jpg,1,train
photos\2455.jpg,1,test
photos\2456.jpg,1,test
photos\2457.jpg,1,train
photos\2458.jpg,1,val
photos\2459.jpg,1,val
photos\2460.jpg,1,train
photos\2461.jpg,1,val
photos\2462.jpg,1,train
photos\2463.jpg,1,train
photos\2464.jpg,1,train
photos\2465.jpg,1,train
photos\2466.jpg,1,train
photos\2467.jpg,1,train
photos\2468.jpg,1,train
photos\2469.jpg,1,train
photos\2470.jpg,1,train
photos\2471.jpg,1,train
photos\2472.jpg,1,train
photos\2473.jpg,1,train
photos\2474.jpg,1,train
photos\2475.jpg,1,train
photos\2476.jpg,1,train
photos\2477.jpg,1,train
photos\2478.jpg,1,train
photos\2479.jpg,1,train
photos\2480.jpg,1,test
photos\2481.jpg,1,train
photos\2482.jpg,1,train
photos\2483.jpg,1,train
photos\2484.jpg,1,train
photos\2485.jpg,1,train
photos\2486.jpg,1,test
photos\2487.jpg,1,train
photos\2488.jpg,1,train
photos\2489.jpg,1,train
photos\2490.jpg,1,test
photos\2491.jpg,1,train
photos\2492.jpg,1,test
photos\2493.jpg,1,val
photos\2494.jpg,1,train
photos\2495.jpg,1,train
photos\2496.jpg,1,train
photos\2497.jpg,1,train
photos\2498.jpg,1,val
photos\2499.jpg,1,train
photos\2500.jpg,1,train
photos\2501.jpg,1,train
photos\2502.jpg,1,train
photos\2503.jpg,1,val
photos\2504.jpg,1,val
photos\2505.jpg,1,val
photos\2506.jpg,1,train
photos\2507.jpg,1,train
photos\2508.jpg,1,train
photos\2509.jpg,1,train
photos\2510.jpg,1,val
photos\2511.jpg,1,train
photos\2512.jpg,1,test
photos\2513.jpg,1,train
photos\2514.jpg,1,train
photos\2515.jpg,1,train
photos\2516.jpg,1,train
photos\2517.jpg,1,train
photos\2518.jpg,1,train
photos\2519.jpg,1,test
photos\2520.jpg,1,train
photos\2521.jpg,1,test
photos\2522.jpg,1,test
photos\2523.jpg,1,train
photos\2524.jpg,1,train
photos\2525.jpg,1,test
photos\2526.jpg,1,train
photos\2527.jpg,1,train
photos\2528.jpg,1,train
photos\2529.jpg,1,train
photos\2530.jpg,1,train
photos\2531.jpg,1,train
photos\2532.jpg,1,val
photos\2533.jpg,1,test
photos\2534.jpg,1,train
photos\2535.jpg,1,train
photos\2536.jpg,1,val
photos\2537.jpg,1,val
photos\2538.jpg,1,test
photos\2539.jpg,1,train
photos\2540.jpg,1,val
photos\2541.jpg,1,train
photos\2542.jpg,1,val
photos\2543.jpg,1,train
photos\2544.jpg,1,train
photos\2545.jpg,1,test
photos\2546.jpg,1,train
photos\2547.jpg,1,val
photos\2548.jpg,1,train
photos\2549.jpg,1,train
photos\2550.jpg,1,train
photos\2551.jpg,1,train
photos\2552.jpg,1,train
photos\2553.jpg,1,train
photos\2554.jpg,1,train
photos\2555.jpg,1,train
photos\2556.jpg,1,val
photos\2557.jpg,1,test
photos\2558.jpg,1,test
photos\2559.jpg,1,test
photos\2560.jpg,1,test
photos\2561.jpg,1,train
photos\2562.jpg,1,train
photos\2563.jpg,1,train
photos\2564.jpg,1,train
photos\2565.jpg,1,train
photos\2566.jpg,1,test
photos\2567.jpg,1,train
photos\2568.jpg,1,train
photos\2569.jpg,1,test
photos\2570.jpg,1,val
photos\2571.jpg,1,val
photos\2572.jpg,1,val
photos\2573.jpg,1,test
photos\2574.jpg,1,train
photos\2575.jpg,1,train
photos\2576.jpg,1,train
photos\2577.jpg,1,train
photos\2578.jpg,1,train
photos\2579.jpg,1,train
photos\2580.jpg,1,train
photos\2581.jpg,1,train
photos\2582.jpg,1,train
photos\2583.jpg,1,train
photos\2584.jpg,1,train
photos\2585.jpg,1,val
photos\2586.jpg,1,val
photos\2587.jpg,1,train
photos\2588.jpg,1,val
photos\2589.jpg,1,train
photos\2590.jpg,1,train
photos\2591.jpg,1,val
photos\2592.jpg,1,train
photos\2593.jpg,1,train
photos\2594.jpg,1,train
photos\2595.jpg,1,train
photos\2596.jpg,1,val
photos\2597.jpg,1,train
photos\2598.jpg,1,val
photos\2599.jpg,1,test
photos\2600.jpg,1,train
photos\2601.jpg,1,train
photos\2602.jpg,1,train
photos\2603.jpg,1,train
photos\2604.jpg,1,train
photos\2605.jpg,1,test
photos\2606.jpg,1,train
photos\2607.jpg,1,train
photos\2608.jpg,1,train
photos\2609.jpg,1,train
photos\2610.jpg,1,val
photos\2611.jpg,1,train
photos\2612.jpg,1,train
photos\2613.jpg,1,test
photos\2614.jpg,1,test
photos\2615.jpg,1,train
photos\2616.jpg,1,train
photos\2617.jpg,1,train
photos\2618.jpg,1,test
photos\2619.jpg,1,train
photos\2620.jpg,1,train
photos\2621.jpg,1,train
photos\2622.jpg,1,train
photos\2623.jpg,1,val
photos\2624.jpg,1,train
photos\2625.jpg,1,val
photos\2626.jpg,1,test
photos\2627.jpg,1,val
photos\2628.jpg,1,train
photos\2629.jpg,1,train
photos\2630.jpg,1,train
photos\2631.jpg,1,train
photos\2632.jpg,1,val
photos\2633.jpg,1,train
photos\2634.jpg,1,train
photos\2635.jpg,1,val
photos\2636.jpg,1,train
photos\2637.jpg,1,train
photos\2638.jpg,1,train
photos\2639.jpg,1,train
photos\2640.jpg,1,val
photos\2641.jpg,1,test
photos\2642.jpg,1,train
photos\2643.jpg,1,train
photos\2644.jpg,1,train
photos\2645.jpg,1,train
photos\2646.jpg,1,train
photos\2647.jpg,1,train
photos\2648.jpg,1,train
photos\2649.jpg,1,train
photos\2650.jpg,1,val
photos\2651.jpg,1,train
photos\2652.jpg,1,train
photos\2653.jpg,1,train
photos\2654.jpg,1,train
photos\2655.jpg,1,train
photos\2656.jpg,1,train
photos\2657.jpg,1,train
photos\2658.jpg,1,train
photos\2659.jpg,1,val
photos\2660.jpg,1,val
photos\2661.jpg,1,test
photos\2662.jpg,1,train
photos\2663.jpg,1,train
photos\2664.jpg,1,train
photos\2665.jpg,1,train
photos\2666.jpg,1,train
photos\2667.jpg,1,train
photos\2668.jpg,1,train
photos\2669.jpg,1,train
photos\2670.jpg,1,train
photos\2671.jpg,1,val
photos\2672.jpg,1,train
photos\2673.jpg,1,val
photos\2674.jpg,1,train
photos\2675.jpg,1,train
photos\2676.jpg,1,test
photos\2677.jpg,1,train
photos\2678.jpg,1,train
photos\2679.jpg,1,train
photos\2680.jpg,1,train
photos\2681.jpg,1,test
photos\2682.jpg,1,train
photos\2683.jpg,1,val
photos\2684.jpg,1,train
photos\2685.jpg,1,val
photos\2686.jpg,1,train
photos\2687.jpg,1,train
photos\2688.jpg,1,val
photos\2689.jpg,1,val
photos\2690.jpg,1,train
photos\2691.jpg,1,test
photos\2692.jpg,1,val
photos\2693.jpg,1,train
photos\2694.jpg,1,test
photos\2695.jpg,1,train
photos\2696.jpg,1,test
photos\2697.jpg,1,train
photos\2698.jpg,1,train
photos\2699.jpg,1,test
photos\2700.jpg,1,val
photos\2701.jpg,1,train
photos\2702.jpg,1,test
photos\2703.jpg,1,train
photos\2704.jpg,1,test
photos\2705.jpg,1,train
photos\2706.jpg,1,train
photos\2707.jpg,1,train
photos\2708.jpg,1,train
photos\2709.jpg,1,train
photos\2710.jpg,1,val
photos\2711.jpg,1,train
photos\2712.jpg,1,train
photos\2713.jpg,1,val
photos\2714.jpg,1,train
photos\2715.jpg,1,train
photos\2716.jpg,1,train
photos\2717.jpg,1,train
photos\2718.jpg,1,train
photos\2719.jpg,1,train
photos\2720.jpg,1,train
photos\2721.jpg,1,train
photos\2722.jpg,1,val
photos\2723.jpg,1,train
photos\2724.jpg,1,val
photos\2725.jpg,1,val
photos\2726.jpg,1,train
photos\2727.jpg,1,train
photos\2728.jpg,1,train
photos\2729.jpg,1,train
photos\2730.jpg,1,test
photos\2731.jpg,1,train
photos\2732.jpg,1,test
photos\2733.jpg,1,train
photos\2734.jpg,1,test
photos\2735.jpg,1,test
photos\2736.jpg,1,test
photos\2737.jpg,1,train
photos\2738.jpg,1,val
photos\2739.jpg,1,train
photos\2740.jpg,1,val
photos\2741.jpg,1,train
photos\2742.jpg,1,train
photos\2743.jpg,1,train
photos\2744.jpg,1,train
photos\2745.jpg,1,train
photos\2746.jpg,1,train
photos\2747.jpg,1,val
photos\2748.jpg,1,test
photos\2749.jpg,1,train
photos\2750.jpg,1,train
photos\2751.jpg,1,train
photos\2752.jpg,1,train
photos\2753.jpg,1,train
photos\2754.jpg,1,val
photos\2755.jpg,1,train
photos\2756.jpg,1,train
photos\2757.jpg,1,train
photos\2758.jpg,1,train
photos\2759.jpg,1,train
photos\2760.jpg,1,train
photos\2761.jpg,1,train
photos\2762.jpg,1,train
photos\2763.jpg,1,train
photos\2764.jpg,1,train
photos\2765.jpg,1,train
photos\2766.jpg,1,train
photos\2767.jpg,1,train
photos\2768.jpg,1,test
photos\2769.jpg,1,train
photos\2770.jpg,1,train
photos\2771.jpg,1,train
photos\2772.jpg,1,train
photos\2773.jpg,1,train
photos\2774.jpg,1,test
photos\2775.jpg,1,train
photos\2776.jpg,1,train
photos\2777.jpg,1,train
photos\2778.jpg,1,test
photos\2779.jpg,1,train
photos\2780.jpg,1,train
photos\2781.jpg,1,train
photos\2782.jpg,1,train
photos\2783.jpg,1,train
photos\2784.jpg,1,train
photos\2785.jpg,1,train
photos\2786.jpg,1,train
photos\2787.jpg,1,train
photos\2788.jpg,1,train
photos\2789.jpg,1,train
photos\2790.jpg,1,train
photos\2791.jpg,0,test
photos\2792.jpg,0,train
photos\2793.jpg,0,train
photos\2794.jpg,0,test
photos\2795.jpg,0,train
photos\2796.jpg,0,val
photos\2797.jpg,0,test
photos\2798.jpg,0,test
photos\2799.jpg,0,train
photos\2800.jpg,0,test
photos\2801.jpg,0,train
photos\2802.jpg,0,train
photos\2803.jpg,0,train
photos\2804.jpg,0,val
photos\2805.jpg,0,train
photos\2806.jpg,0,train
photos\2807.jpg,0,train
photos\2808.jpg,0,val
photos\2809.jpg,0,train
photos\2810.jpg,0,train
photos\2811.jpg,0,train
photos\2812.jpg,0,test
photos\2813.jpg,0,train
photos\2814.jpg,0,train
photos\2815.jpg,0,test
photos\2816.jpg,0,train
photos\2817.jpg,0,train
photos\2818.jpg,0,train
photos\2819.jpg,0,train
photos\2820.jpg,0,train
photos\2821.jpg,0,train
photos\2822.jpg,0,train
photos\2823.jpg,0,val
photos\2824.jpg,0,train
photos\2825.jpg,0,test
photos\2826.jpg,0,test
photos\2827.jpg,0,train
photos\2828.jpg,0,train
photos\2829.jpg,0,val
photos\2830.jpg,0,train
photos\2831.jpg,0,train
photos\2832.jpg,0,val
photos\2833.jpg,0,train
photos\2834.jpg,0,train
photos\2835.jpg,0,test
photos\2836.jpg,0,train
photos\2837.jpg,0,train
photos\2838.jpg,0,train
photos\2839.jpg,0,train
photos\2840.jpg,0,train
photos\2841.jpg,0,train
photos\2842.jpg,0,train
photos\2843.jpg,0,test
photos\2844.jpg,0,train
photos\2845.jpg,0,train
photos\2846.jpg,0,train
photos\2847.jpg,0,train
photos\2848.jpg,0,train
photos\2849.jpg,0,train
photos\2850.jpg,0,train
photos\2851.jpg,0,train
photos\2852.jpg,0,train
photos\2853.jpg,0,train
photos\2854.jpg,0,test
photos\2855.jpg,0,train
photos\2856.jpg,0,train
photos\2857.jpg,0,test
photos\2858.jpg,0,train
photos\2859.jpg,0,train
photos\2860.jpg,0,train
photos\2861.jpg,0,val
photos\2862.jpg,0,train
photos\2863.jpg,0,val
photos\2864.jpg,0,train
photos\2865.jpg,0,train
photos\2866.jpg,0,train
photos\2867.jpg,0,train
photos\2868.jpg,0,train
photos\2869.jpg,0,train
photos\2870.jpg,0,train
photos\2871.jpg,0,val
photos\2872.jpg,0,train
photos\2873.jpg,0,val
photos\2874.jpg,0,train
photos\2875.jpg,0,val
photos\2876.jpg,0,train
photos\2877.jpg,0,train
photos\2878.jpg,0,train
photos\2879.jpg,0,train
photos\2880.jpg,0,test
photos\2881.jpg,0,train
photos\2882.jpg,0,train
photos\2883.jpg,0,train
photos\2884.jpg,0,train
photos\2885.jpg,0,test
photos\2886.jpg,0,train
photos\2887.jpg,0,train
photos\2888.jpg,0,test
photos\2889.jpg,0,test
photos\2890.jpg,0,train
photos\2891.jpg,0,val
photos\2892.jpg,0,train
photos\2893.jpg,0,train
photos\2894.jpg,0,train
photos\2895.jpg,0,test
photos\2896.jpg,0,test
photos\2897.jpg,0,train
photos\2898.jpg,0,train
photos\2899.jpg,0,test
photos\2900.jpg,0,train
photos\2901.jpg,0,train
photos\2902.jpg,0,test
photos\2903.jpg,0,train
photos\2904.jpg,0,val
photos\2905.jpg,0,test
photos\2906.jpg,0,test
photos\2907.jpg,0,train
photos\2908.jpg,0,val
photos\2909.jpg,0,train
photos\2910.jpg,0,train
photos\2911.jpg,0,train
photos\2912.jpg,0,train
photos\2913.jpg,0,train
photos\2914.jpg,0,train
photos\2915.jpg,0,val
photos\2916.jpg,0,train
photos\2917.jpg,0,train
photos\2918.jpg,0,train
photos\2919.jpg,0,train
photos\2920.jpg,0,test
photos\2921.jpg,0,train
photos\2922.jpg,0,train
photos\2923.jpg,0,val
photos\2924.jpg,0,val
photos\2925.jpg,0,val
photos\2926.jpg,0,train
photos\2927.jpg,0,val
photos\2928.jpg,0,train
photos\2929.jpg,0,test
photos\2930.jpg,0,train
photos\2931.jpg,0,train
photos\2932.jpg,0,val
photos\2933.jpg,0,train
photos\2934.jpg,0,train
photos\2935.jpg,0,train
photos\2936.jpg,0,train
photos\2937.jpg,0,train
photos\2938.jpg,0,train
photos\2939.jpg,0,train
photos\2940.jpg,0,test
photos\2941.jpg,0,train
photos\2942.jpg,0,train
photos\2943.jpg,0,test
photos\2944.jpg,0,train
photos\2945.jpg,0,train
photos\2946.jpg,0,test
photos\2947.jpg,0,train
photos\2948.jpg,0,train
photos\2949.jpg,0,train
photos\2950.jpg,0,train
photos\2951.jpg,0,test
photos\2952.jpg,0,val
photos\2953.jpg,0,test
photos\2954.jpg,0,test
photos\2955.jpg,0,train
photos\2956.jpg,0,train
photos\2957.jpg,0,train
photos\2958.jpg,0,train
photos\2959.jpg,0,train
photos\2960.jpg,0,train
photos\2961.jpg,0,train
photos\2962.jpg,0,train
photos\2963.jpg,0,train
photos\2964.jpg,0,train
photos\2965.jpg,0,train
photos\2966.jpg,0,val
photos\2967.jpg,0,train
photos\2968.jpg,0,test
photos\2969.jpg,0,train
photos\2970.jpg,0,train
photos\2971.jpg,0,train
photos\2972.jpg,0,train
photos\2973.jpg,0,train
photos\2974.jpg,0,train
photos\2975.jpg,0,train
photos\2976.jpg,0,val
photos\2977.jpg,0,train
photos\2978.jpg,0,test
photos\2979.jpg,0,train
photos\2980.jpg,0,test
photos\2981.jpg,0,train
photos\2982.jpg,0,train
photos\2983.jpg,0,val
photos\2984.jpg,0,train
photos\2985.jpg,0,val
photos\2986.jpg,0,train
photos\2987.jpg,0,train
photos\2988.jpg,0,train
photos\2989.jpg,0,val
photos\2990.jpg,0,train
photos\2991.jpg,0,test
photos\2992.jpg,0,train
photos\2993.jpg,0,train
photos\2994.jpg,0,val
photos\2995.jpg,0,train
photos\2996.jpg,0,train
photos\2997.jpg,0,test
photos\2998.jpg,0,train
photos\2999.jpg,0,val
photos\3000.jpg,0,train
photos\3001.jpg,0,test
photos\3002.jpg,0,val
photos\3003.jpg,0,test
photos\3004.jpg,0,test
photos\3005.jpg,0,train
photos\3006.jpg,0,test
photos\3007.jpg,0,test
photos\3008.jpg,0,train
photos\3009.jpg,0,train
photos\3010.jpg,0,train
photos\3011.jpg,0,train
photos\3012.jpg,0,train
photos\3013.jpg,0,train
photos\3014.jpg,0,test
photos\3015.jpg,0,train
photos\3016.jpg,0,train
photos\3017.jpg,0,train
photos\3018.jpg,0,train
photos\3019.jpg,0,train
photos\3020.jpg,0,train
photos\3021.jpg,0,train
photos\3022.jpg,0,train
photos\3023.jpg,0,train
photos\3024.jpg,0,test
photos\3025.jpg,0,train
photos\3026.jpg,0,train
photos\3027.jpg,0,train
photos\3028.jpg,0,train
photos\3029.jpg,0,train
photos\3030.jpg,0,train
photos\3031.jpg,0,train
photos\3032.jpg,0,train
photos\3033.jpg,0,train
photos\3034.jpg,0,train
photos\3035.jpg,0,train
photos\3036.jpg,0,val
photos\3037.jpg,0,val
photos\3038.jpg,0,train
photos\3039.jpg,0,test
photos\3040.jpg,0,train
photos\3041.jpg,0,test
photos\3042.jpg,0,train
photos\3043.jpg,0,train
photos\3044.jpg,0,test
photos\3045.jpg,0,train
photos\3046.jpg,0,val
photos\3047.jpg,0,test
photos\3048.jpg,0,train
photos\3049.jpg,0,train
photos\3050.jpg,0,test
photos\3051.jpg,0,train
photos\3052.jpg,0,train
photos\3053.jpg,0,train
photos\3054.jpg,0,test
photos\3055.jpg,0,train
photos\3056.jpg,0,train
photos\3057.jpg,0,test
photos\3058.jpg,0,test
photos\3059.jpg,0,test
photos\3060.jpg,0,train
photos\3061.jpg,0,train
photos\3062.jpg,0,test
photos\3063.jpg,0,train
photos\3064.jpg,0,train
photos\3065.jpg,0,val
photos\3066.jpg,0,train
photos\3067.jpg,0,train
photos\3068.jpg,0,train
photos\3069.jpg,0,val
photos\3076.jpg,0,train
photos\3104.jpg,0,test
photos\3144.jpg,0,train
photos\3181.jpg,0,val
photos\3219.jpg,0,train
photos\3255.jpg,0,train
photos\3302.jpg,0,train
photos\3336.jpg,0,train
photos\3376.jpg,0,train
photos\3412.jpg,0,val
photos\3450.jpg,0,val
photos\3506.jpg,0,train
photos\3550.jpg,0,val
photos\3584.jpg,0,train
photos\3634.jpg,0,train
photos\3677.jpg,0,train
photos\3714.jpg,0,train
photos\3756.jpg,0,train
photos\3790.jpg,0,train
photos\3839.jpg,0,train
photos\3881.jpg,0,test
photos\3910.jpg,0,train
photos\3962.jpg,0,val
photos\4003.jpg,0,test
photos\4040.jpg,0,val
photos\4087.jpg,0,train
photos\4138.jpg,0,train
photos\4181.jpg,0,train
photos\4221.jpg,0,train
photos\4254.jpg,0,train
photos\4289.jpg,0,train
photos\4334.jpg,0,train
photos\4368.jpg,0,train
photos\4410.jpg,0,train
photos\4446.jpg,0,test
photos\4484.jpg,0,train
photos\4530.jpg,0,test
photos\4571.jpg,0,test
photos\4600.jpg,0,val
photos\4645.jpg,0,train
photos\4680.jpg,0,test
photos\4723.jpg,0,val
photos\4760.jpg,0,test
photos\4799.jpg,0,train
photos\4873.jpg,0,train
photos\4924.jpg,0,train
photos\4955.jpg,0,train
photos\4994.jpg,0,train
photos\5042.jpg,0,train
photos\5078.jpg,0,train
photos\5112.jpg,0,train
photos\5157.jpg,0,train
photos\5200.jpg,0,val
photos\5245.jpg,0,train
photos\5286.jpg,0,train
photos\5330.jpg,0,train
photos\5376.jpg,0,test
photos\5418.jpg,0,train
photos\5465.jpg,0,train
photos\5510.jpg,0,train
photos\5557.jpg,0,train
